date,IBM,MSFT,GOOGL,ORCL,ADBE,CRM,CSCO,QCOM,AMD,TXN
2024-04-22,171.7132568359375,394.8988342285156,154.99893188476562,112.13996124267578,466.8900146484375,270.20062255859375,45.68488693237305,153.4383087158203,148.63999938964844,154.11436462402344
2024-04-23,171.98703002929688,401.408935546875,156.96267700195312,112.68826293945312,472.8999938964844,273.0328063964844,45.855709075927734,154.55909729003906,152.27000427246094,156.0380859375
2024-04-24,173.7900848388672,402.8763732910156,157.8255615234375,112.93305206298828,477.1199951171875,272.54931640625,45.884178161621094,156.7430877685547,151.74000549316406,164.845703125
2024-04-25,159.4507293701172,393.00787353515625,154.7212371826172,112.49244689941406,473.44000244140625,269.5395202636719,45.64691925048828,156.42697143554688,153.75999450683594,165.26060485839844
2024-04-26,157.77044677734375,400.17779541015625,170.54046630859375,114.76402282714844,477.55999755859375,270.6743469238281,45.41917419433594,158.6876678466797,157.39999389648438,167.3634796142578
2024-04-29,158.05361938476562,396.1693115234375,164.7880401611328,114.05904388427734,473.07000732421875,272.105224609375,45.34324264526367,162.0786590576172,160.1999969482422,169.07032775878906
2024-04-30,156.8925018310547,383.44464111328125,161.44564819335938,111.37623596191406,462.8299865722656,265.3948974609375,44.584049224853516,158.86965942382812,158.3800048828125,166.36392211914062
2024-05-01,155.22161865234375,388.9698486328125,162.51678466796875,112.23785400390625,469.3900146484375,265.148193359375,44.4511833190918,157.202880859375,144.27000427246094,165.2134552001953
2024-05-02,155.46705627441406,391.8260192871094,165.25418090820312,112.56098175048828,476.57000732421875,268.5428161621094,44.40373992919922,172.5198974609375,146.16000366210938,165.77926635742188
2024-05-03,156.42996215820312,400.5126647949219,165.86911010742188,113.38345336914062,486.17999267578125,270.05267333984375,44.71691131591797,172.0792694091797,150.60000610351562,168.71197509765625
2024-05-06,159.16754150390625,407.2886047363281,166.72203063964844,115.87045288085938,493.5899963378906,271.9967346191406,44.70741653442383,174.19625854492188,155.77999877929688,171.3146514892578
2024-05-07,158.95042419433594,403.152099609375,169.8462371826172,115.46900177001953,492.2699890136719,273.5262756347656,44.868743896484375,172.56777954101562,154.42999267578125,173.4991912841797
2024-05-08,160.38528442382812,404.333984375,167.99156188964844,114.94026947021484,488.1000061035156,275.29266357421875,45.55202865600586,172.95098876953125,153.6199951171875,174.71495056152344
2024-05-09,158.5166778564453,406.08709716796875,168.56680297851562,114.20591735839844,482.6499938964844,271.54278564453125,45.35274124145508,172.94139099121094,152.38999938964844,176.01617431640625
2024-05-10,159.3556365966797,408.47052001953125,167.2675323486328,114.23530578613281,482.2900085449219,273.0229797363281,45.60897445678711,174.4165496826172,151.9199981689453,177.6593017578125
2024-05-13,159.7465362548828,407.4659118652344,167.75352478027344,113.94155883789062,483.1099853515625,273.8617248535156,46.197357177734375,176.45693969726562,150.55999755859375,178.39064025878906
2024-05-14,159.55584716796875,410.2630310058594,168.9436798095703,118.34765625,475.95001220703125,273.1512451171875,46.45357894897461,181.01657104492188,153.16000366210938,181.5344696044922
2024-05-15,160.41387939453125,417.43603515625,171.0959014892578,119.09178924560547,485.3500061035156,283.74969482421875,47.13685989379883,186.41920471191406,159.6699981689453,185.71359252929688
2024-05-16,161.0907745361328,415.37384033203125,172.752197265625,119.6107406616211,482.8800048828125,280.9273986816406,45.874691009521484,185.13560485839844,162.6199951171875,185.1817169189453
2024-05-17,161.1479949951172,414.6042785644531,174.61680603027344,120.92276763916016,483.42999267578125,281.84515380859375,45.71335220336914,185.70077514648438,164.47000122070312,185.22918701171875
2024-05-20,161.99649047851562,419.66583251953125,175.46974182128906,121.9214859008789,484.69000244140625,283.28594970703125,44.72639846801758,189.43661499023438,166.3300018310547,189.19932556152344
2024-05-21,165.3809356689453,423.3164978027344,176.39210510253906,122.02918243408203,481.8500061035156,280.0195617675781,44.54608917236328,192.39659118652344,164.66000366210938,189.01885986328125
2024-05-22,165.59068298339844,424.7767639160156,174.93417358398438,121.99980926513672,483.92999267578125,280.07879638671875,45.01109313964844,194.38902282714844,165.52000427246094,192.37164306640625
2024-05-23,162.71151733398438,421.3037109375,172.1273651123047,121.50045013427734,483.30999755859375,274.8979187011719,44.22343063354492,193.26828002929688,160.42999267578125,187.38523864746094
2024-05-24,162.92124938964844,424.42156982421875,173.55555725097656,120.3450698852539,475.42999267578125,268.70074462890625,44.0526008605957,201.50631713867188,166.36000061035156,189.18032836914062
2024-05-28,161.74862670898438,424.5794677734375,174.95399475097656,121.89210510253906,478.42999267578125,266.2730712890625,43.91974639892578,204.11181640625,171.61000061035156,189.5792694091797
2024-05-29,159.2603302001953,423.44476318359375,174.45809936523438,121.15775299072266,477.6000061035156,268.0395202636719,43.729949951171875,199.4947052001953,165.13999938964844,185.12472534179688
2024-05-30,157.9065399169922,409.1382141113281,170.6991729736328,114.64654541015625,445.8699951171875,215.13621520996094,43.76791000366211,196.98431396484375,166.75,185.85604858398438
2024-05-31,159.0696563720703,409.5920715332031,171.08596801757812,114.74444580078125,444.760009765625,231.3496551513672,44.12852478027344,196.26292419433594,166.89999389648438,185.21969604492188
2024-06-03,157.57284545898438,408.0035095214844,171.75047302246094,116.79083251953125,439.0199890136719,233.50091552734375,44.27088165283203,198.05194091796875,163.5500030517578,183.9944610595703
2024-06-04,158.07814025878906,410.51953125,172.3654022216797,117.5643539428711,448.3699951171875,231.7641143798828,45.00161361694336,196.5707244873047,159.99000549316406,183.5955352783203
2024-06-05,159.574951171875,418.3536376953125,173.9721221923828,120.0709228515625,455.79998779296875,233.41209411621094,43.67300033569336,203.81333923339844,166.1699981689453,186.2359619140625
2024-06-06,160.35670471191406,418.8567810058594,175.28131103515625,120.92276763916016,458.1300048828125,239.55996704101562,43.87229537963867,201.44723510742188,166.77999877929688,186.387939453125
2024-06-07,162.082275390625,418.1957702636719,173.0299072265625,123.29226684570312,465.42999267578125,238.66197204589844,43.5021858215332,198.73483276367188,167.8699951171875,185.78956604003906
2024-06-10,162.43504333496094,422.1621398925781,173.7746124267578,121.90190124511719,459.94000244140625,238.652099609375,43.51167297363281,201.36065673828125,160.33999633789062,187.69863891601562
2024-06-11,161.4244842529297,426.9079284667969,175.3732452392578,121.29483032226562,462.69000244140625,237.8133087158203,43.43575668334961,200.56236267089844,158.9600067138672,187.52769470214844
2024-06-12,161.119384765625,435.1761474609375,176.5349884033203,137.45050048828125,459.8699951171875,232.69171142578125,43.29340744018555,207.17015075683594,160.24000549316406,188.99037170410156
2024-06-13,161.23379516601562,435.6891784667969,173.92356872558594,136.9315643310547,458.739990234375,226.01097106933594,43.19851303100586,209.49781799316406,159.89999389648438,186.42591857910156
2024-06-14,161.31961059570312,436.6660461425781,175.5420379638672,135.24746704101562,525.3099975585938,228.88262939453125,43.350345611572266,207.11245727539062,159.6300048828125,184.16539001464844
2024-06-17,161.59605407714844,442.388671875,175.98886108398438,138.36111450195312,518.739990234375,227.44183349609375,43.359832763671875,213.73951721191406,158.39999389648438,185.1151885986328
2024-06-18,162.59710693359375,440.38568115234375,173.85403442382812,141.6216278076172,522.25,228.7543182373047,43.62555694580078,218.42364501953125,154.6300048828125,186.3974609375
2024-06-20,165.80995178222656,439.7542724609375,175.05552673339844,139.92771911621094,522.9500122070312,238.6126251220703,44.33730697631836,207.2471160888672,161.77999877929688,183.08262634277344
2024-06-21,164.4180450439453,443.77984619140625,178.3620147705078,138.5471649169922,533.4400024414062,241.82965087890625,44.878238677978516,204.4193115234375,161.22999572753906,185.71359252929688
2024-06-24,166.84913635253906,441.697998046875,177.95489501953125,136.97071838378906,524.1699829101562,236.7771453857422,44.868743896484375,193.17543029785156,160.25,184.17491149902344
2024-06-25,164.551513671875,444.9342041015625,182.73094177246094,136.26576232910156,526.8800048828125,238.57315063476562,44.96364974975586,194.4546661376953,160.25,184.70680236816406
2024-06-26,163.8555450439453,446.1280822753906,182.58200073242188,135.3453826904297,528.6599731445312,239.94482421875,44.47016906738281,189.79937744140625,157.5399932861328,183.40557861328125
2024-06-27,162.8831329345703,446.8088684082031,184.10121154785156,137.2546844482422,546.760009765625,249.5169677734375,45.03008270263672,187.70257568359375,159.47000122070312,183.718994140625
2024-06-28,164.88519287109375,440.98760986328125,180.8641815185547,138.25338745117188,555.5399780273438,253.71092224121094,45.087013244628906,191.57876586914062,162.2100067138672,184.7637939453125
2024-07-01,166.93495178222656,450.6371765136719,181.6982879638672,140.10397338867188,560.010009765625,252.83267211914062,45.09650802612305,192.39634704589844,157.69000244140625,184.83029174804688
2024-07-02,169.03236389160156,453.153076171875,183.9324188232422,140.2899932861328,567.7100219726562,252.81295776367188,44.868743896484375,192.52139282226562,164.30999755859375,188.45848083496094
2024-07-03,167.5355682373047,454.62322998046875,184.50831604003906,141.36703491210938,570.1500244140625,257.5102233886719,44.68843460083008,196.03207397460938,163.89999389648438,188.95236206054688
2024-07-05,167.81204223632812,461.3226318359375,189.2545623779297,141.8076629638672,578.3400268554688,259.7206726074219,44.65015411376953,197.8980255126953,171.89999389648438,188.80990600585938
2024-07-08,169.35650634765625,460.0202331542969,187.6956329345703,142.00347900390625,575.4000244140625,253.9773712158203,44.085445404052734,199.95639038085938,178.69000244140625,191.35536193847656
2024-07-09,168.25057983398438,453.4096374511719,187.64599609375,137.74424743652344,566.02001953125,249.49024963378906,43.83658981323242,199.2157745361328,177.10000610351562,190.11114501953125
2024-07-10,169.5471649169922,460.0301513671875,189.83045959472656,139.10525512695312,564.5499877929688,249.6483917236328,44.28644561767578,200.83163452148438,183.9600067138672,193.3974151611328
2024-07-11,169.99526977539062,448.63421630859375,184.2600860595703,140.1754913330078,557.6300048828125,248.19552612304688,44.75543975830078,192.22320556640625,181.94000244140625,189.94967651367188
2024-07-12,174.3044891357422,447.49951171875,183.7635955810547,142.14910888671875,559.0499877929688,251.01231384277344,45.348854064941406,194.70472717285156,181.61000061035156,191.7352752685547
2024-07-15,174.3521728515625,447.904052734375,185.21328735351562,140.47991943359375,565.7100219726562,249.91526794433594,45.368003845214844,200.23532104492188,179.8300018310547,191.6308135986328
2024-07-16,177.14553833007812,443.5232849121094,182.62171936035156,140.0282440185547,566.5399780273438,253.04833984375,45.387142181396484,201.63958740234375,177.5500030517578,196.246826171875
2024-07-17,178.7090606689453,437.60333251953125,179.7421875,136.7388916015625,563.0900268554688,248.29434204101562,46.43998718261719,184.2880401611328,159.42999267578125,194.00527954101562
2024-07-18,176.5830535888672,434.495361328125,176.4357147216797,135.53114318847656,556.8499755859375,244.46942138671875,45.98056411743164,184.1533966064453,155.77000427246094,195.53445434570312
2024-07-19,174.7049102783203,431.2788391113281,176.40591430664062,136.05154418945312,551.0,244.7461700439453,45.29143142700195,179.103759765625,151.5800018310547,189.10433959960938
2024-07-22,175.56292724609375,437.0311279296875,180.38758850097656,137.6324005126953,554.8200073242188,251.12103271484375,44.812862396240234,187.52944946289062,155.8699951171875,195.54397583007812
2024-07-23,175.51527404785156,438.9156188964844,180.50674438476562,140.51918029785156,546.010009765625,253.07798767089844,44.372589111328125,185.97128295898438,154.0,188.3350067138672
2024-07-24,175.43899536132812,423.17840576171875,171.41140747070312,136.2577362060547,531.0399780273438,246.8711395263672,44.84157943725586,174.159912109375,144.6300048828125,188.3255157470703
2024-07-25,183.02781677246094,412.8184509277344,166.09918212890625,135.324951171875,532.1500244140625,253.53260803222656,45.21486282348633,168.6966552734375,138.32000732421875,187.25225830078125
2024-07-26,182.8085479736328,419.5967712402344,165.8211669921875,136.49339294433594,542.4400024414062,259.6505126953125,45.82742691040039,173.1788330078125,139.99000549316406,191.84925842285156
2024-07-29,182.5701904296875,421.03729248046875,168.33328247070312,135.80606079101562,536.6099853515625,255.57850646972656,45.93270492553711,171.8226318359375,139.75,191.7447967529297
2024-07-30,182.1316375732422,417.2781677246094,169.0879364013672,133.21385192871094,538.7100219726562,254.92623901367188,46.07627487182617,160.56915283203125,138.44000244140625,190.89947509765625
2024-07-31,183.1803436279297,412.76910400390625,170.3291015625,136.92543029785156,551.6500244140625,255.78607177734375,46.37299728393555,174.04449462890625,144.47999572753906,194.83810424804688
2024-08-01,180.8159942626953,411.54559326171875,169.5546112060547,135.0205535888672,546.4099731445312,250.11293029785156,45.358428955078125,157.7413330078125,132.5399932861328,184.8194580078125
2024-08-02,180.30116271972656,403.0406494140625,165.4835662841797,130.86712646484375,526.1699829101562,241.12879943847656,44.659725189208984,153.23033142089844,132.5,179.20785522460938
2024-08-05,174.7620849609375,389.87860107421875,158.12586975097656,125.54525756835938,509.32000732421875,236.22654724121094,42.82202911376953,151.92221069335938,134.82000732421875,173.21385192871094
2024-08-06,178.08937072753906,394.2790832519531,157.17263793945312,125.88893127441406,514.2000122070312,235.64341735839844,43.22402572631836,152.66282653808594,130.17999267578125,178.72027587890625
2024-08-07,178.08937072753906,393.11480712890625,157.8180694580078,123.62073516845703,513.6199951171875,237.24456787109375,43.18574142456055,150.16204833984375,128.6699981689453,175.96707153320312
2024-08-08,183.62844848632812,397.3180236816406,160.88623046875,126.6253433227539,530.239990234375,246.21881103515625,43.86530685424805,158.6550750732422,136.32000732421875,184.79075622558594
2024-08-09,184.11891174316406,400.60357666015625,162.51463317871094,129.66920471191406,536.2999877929688,249.58909606933594,43.5207405090332,158.20301818847656,134.27000427246094,183.74871826171875
2024-08-12,182.22434997558594,401.383056640625,161.1444091796875,130.17979431152344,530.9299926757812,248.38331604003906,42.936885833740234,156.67369079589844,136.77000427246094,183.6053466796875
2024-08-13,183.67652893066406,408.4870300292969,163.001220703125,131.82937622070312,535.219970703125,251.63499450683594,43.42502212524414,163.00259399414062,141.1300048828125,188.56687927246094
2024-08-14,184.95559692382812,411.2989501953125,159.23794555664062,133.1451416015625,539.7899780273438,252.34661865234375,43.49201965332031,160.7711181640625,140.75,186.99908447265625
2024-08-15,186.523193359375,416.162109375,160.16139221191406,134.4510498046875,554.1599731445312,259.7295837402344,46.44955825805664,166.72491455078125,147.36000061035156,193.04087829589844
2024-08-16,186.35968017578125,413.6317138671875,161.80967712402344,134.98126220703125,553.4600219726562,259.8482360839844,47.33968734741211,165.60916137695312,148.55999755859375,191.7025146484375
2024-08-19,187.27330017089844,416.6563720703125,165.49346923828125,135.4231414794922,563.1199951171875,262.2894592285156,47.83739471435547,167.6097869873047,155.27999877929688,191.82676696777344
2024-08-20,188.5235137939453,419.8885192871094,165.99984741210938,136.65049743652344,562.25,258.7906799316406,48.08625411987305,165.54183959960938,156.39999389648438,193.62400817871094
2024-08-21,189.65834045410156,419.23614501953125,164.67929077148438,137.66184997558594,565.7899780273438,258.0494689941406,48.28724670410156,167.57131958007812,157.80999755859375,199.19737243652344
2024-08-22,188.45620727539062,410.7454833984375,162.6437530517578,135.58023071289062,557.4400024414062,255.57850646972656,48.06711196899414,162.55050659179688,151.6999969482422,194.79986572265625
2024-08-23,188.5908660888672,411.9711608886719,164.45091247558594,136.67015075683594,558.2999877929688,260.9255065917969,48.564815521240234,166.87879943847656,154.97999572753906,200.64089965820312
2024-08-26,190.3988494873047,408.70928955078125,164.98707580566406,136.3853759765625,559.4400024414062,262.1905517578125,48.612674713134766,163.02182006835938,149.99000549316406,199.08267211914062
2024-08-27,191.12013244628906,409.05523681640625,163.51751708984375,135.9729766845703,567.8200073242188,261.1231994628906,48.53610610961914,167.29237365722656,150.5,201.41525268554688
2024-08-28,190.8604736328125,405.85272216796875,161.700439453125,135.3838348388672,560.5399780273438,255.8848876953125,47.71296691894531,165.29177856445312,146.36000061035156,198.5950927734375
2024-08-29,191.2836151123047,408.3435974121094,160.63800048828125,136.89596557617188,569.6300048828125,254.01695251464844,48.229827880859375,163.02182006835938,145.49000549316406,201.79763793945312
2024-08-30,194.3899383544922,412.3171081542969,162.22669982910156,138.73211669921875,574.4099731445312,249.95477294921875,48.37339401245117,168.61009216308594,148.55999755859375,204.90455627441406
2024-09-03,193.57249450683594,404.70611572265625,156.24920654296875,136.9745330810547,571.0399780273438,245.171142578125,47.91397476196289,157.01034545898438,136.94000244140625,192.9452667236328
2024-09-04,196.29412841796875,404.1723327636719,155.3456268310547,138.20188903808594,575.25,244.79556274414062,47.56940460205078,159.02059936523438,140.8699951171875,195.0197296142578
2024-09-05,194.8323211669922,403.6682434082031,156.1300506591797,140.0282440185547,567.9299926757812,243.2537384033203,47.023841857910156,158.26646423339844,139.44000244140625,192.67759704589844
2024-09-06,193.0531768798828,397.0555725097656,149.85467529296875,139.24270629882812,563.4099731445312,241.12879943847656,46.42084884643555,152.93936157226562,134.35000610351562,188.7581024169922
2024-09-09,195.73634338378906,401.02911376953125,147.856201171875,137.35745239257812,569.8800048828125,242.89791870117188,46.61227035522461,155.43373107910156,138.14999389648438,192.3143310546875
2024-09-10,197.45779418945312,409.41107177734375,147.80650329589844,153.06781005859375,574.47998046875,243.2932891845703,46.69841766357422,156.31350708007812,142.83999633789062,191.004638671875
2024-09-11,201.85279846191406,418.14886474609375,150.29214477539062,154.33444213867188,580.3800048828125,246.66358947753906,47.004695892333984,161.03155517578125,149.86000061035156,193.49974060058594
2024-09-12,203.50694274902344,422.0631103515625,153.80186462402344,158.4584197998047,586.5499877929688,250.4193115234375,47.48325729370117,159.50399780273438,150.77000427246094,187.35276794433594
2024-09-13,206.56515502929688,425.6115417480469,156.55596923828125,159.0966339111328,536.8699951171875,251.60537719726562,47.66511535644531,162.16270446777344,152.30999755859375,191.12890625
2024-09-16,208.84442138671875,426.3529357910156,157.1525115966797,167.24639892578125,521.5,253.91810607910156,48.84238815307617,161.0798797607422,152.0800018310547,189.73316955566406
2024-09-17,205.93043518066406,430.11883544921875,158.4052734375,164.43817138671875,515.030029296875,252.21812438964844,48.440391540527344,163.10049438476562,150.82000732421875,192.52462768554688
2024-09-18,206.70941162109375,425.82904052734375,158.89247131347656,161.55137634277344,508.1300048828125,249.88194274902344,48.402103424072266,162.7137908935547,148.2899932861328,191.87457275390625
2024-09-19,205.69961547851562,433.617919921875,161.2091064453125,164.55599975585938,526.4400024414062,263.3050537109375,49.234806060791016,168.14724731445312,156.74000549316406,198.46127319335938
2024-09-20,209.36375427246094,430.2374572753906,162.65077209472656,164.95855712890625,522.2999877929688,264.1068420410156,49.74208450317383,163.31321716308594,155.9499969482422,194.3505401611328
2024-09-23,212.05650329589844,428.4978332519531,160.9207763671875,162.9456787109375,527.8699951171875,261.54302978515625,49.95265579223633,160.4514617919922,156.75,194.8763427734375
2024-09-24,212.5084991455078,424.2080383300781,161.35824584960938,162.79840087890625,524.0700073242188,267.71014404296875,50.26851272583008,161.40859985351562,158.32000732421875,195.91835021972656
2024-09-25,212.75856018066406,427.1139831542969,160.56283569335938,163.2696990966797,517.9000244140625,271.32330322265625,50.39293670654297,162.68479919433594,162.02000427246094,196.0330810546875
2024-09-26,214.8743133544922,426.3232727050781,161.79571533203125,165.05674743652344,515.3800048828125,272.9764709472656,50.58436584472656,166.9290771484375,167.49000549316406,200.0481719970703
2024-09-27,212.3834991455078,423.0712585449219,163.00869750976562,165.68516540527344,515.47998046875,273.8475646972656,50.74707794189453,164.48306274414062,164.35000610351562,199.93348693847656
2024-09-30,212.61428833007812,425.324951171875,164.89781188964844,167.3151092529297,517.780029296875,270.9471435546875,50.93850326538086,164.40570068359375,164.0800018310547,197.47662353515625
2024-10-01,210.9505615234375,415.8260498046875,166.03126525878906,164.1337890625,502.79998779296875,268.1357727050781,50.47908020019531,160.27743530273438,159.75,192.7253875732422
2024-10-02,211.3159942626953,412.30718994140625,164.9077606201172,164.67381286621094,505.80999755859375,276.658935546875,50.749122619628906,162.73312377929688,159.77999877929688,194.47483825683594
2024-10-03,214.1914825439453,411.7240295410156,164.9077606201172,163.83920288085938,503.79998779296875,278.074462890625,50.56587600708008,163.31321716308594,162.85000610351562,192.7923126220703
2024-10-04,217.34591674804688,411.2495422363281,166.100830078125,167.76678466796875,507.2200012207031,284.845458984375,50.87450408935547,163.2938690185547,170.89999389648438,193.7865447998047
2024-10-07,218.42298889160156,404.8049621582031,162.04428100585938,166.8928985595703,487.29998779296875,281.6975402832031,50.643035888671875,161.39894104003906,170.97000122070312,192.409912109375
2024-10-08,219.8655548095703,409.9151916503906,163.4362335205078,171.21322631835938,496.239990234375,288.62689208984375,50.85521697998047,160.81883239746094,172.8000030517578,193.3085479736328
2024-10-09,225.32809448242188,412.63336181640625,160.9307098388672,175.06228637695312,494.0799865722656,285.0137023925781,51.655704498291016,164.570068359375,171.02000427246094,195.94703674316406
2024-10-10,224.09707641601562,411.0321350097656,161.1494140625,172.62168884277344,503.57000732421875,287.2409973144531,51.636417388916016,162.9264678955078,164.17999267578125,193.5570831298828
2024-10-11,224.32791137695312,411.506591796875,162.30279541015625,172.97596740722656,495.4200134277344,285.1919250488281,52.321170806884766,164.33804321289062,167.88999938964844,196.08087158203125
2024-10-14,226.2512969970703,414.29400634765625,164.01290893554688,173.3203887939453,509.6499938964844,288.6961364746094,52.340457916259766,172.1304931640625,165.27000427246094,199.47459411621094
2024-10-15,224.03939819335938,413.8985900878906,164.5100555419922,171.32266235351562,508.0299987792969,285.4393615722656,52.1572151184082,168.31161499023438,156.63999938964844,191.04287719726562
2024-10-16,224.72218322753906,411.30889892578125,164.21176147460938,171.9918670654297,502.5400085449219,287.9240417480469,54.37544250488281,165.7882537841797,156.1300048828125,191.85543823242188
2024-10-17,223.9624481201172,411.90191650390625,161.9945526123047,172.88739013671875,496.8299865722656,288.1715087890625,54.39472961425781,165.42086791992188,156.25,189.57066345214844
2024-10-18,223.3084716796875,413.3252868652344,162.48175048828125,171.9131317138672,494.8999938964844,289.9830627441406,54.74192428588867,165.246826171875,155.97000122070312,189.73316955566406
2024-10-21,222.875732421875,413.9381103515625,163.12803649902344,170.99790954589844,497.7099914550781,288.3497314453125,54.577972412109375,163.40023803710938,157.89999389648438,187.15203857421875
2024-10-22,223.3565673828125,422.56719970703125,164.19187927246094,172.52328491210938,493.1099853515625,285.4195251464844,54.58761978149414,167.4318084716797,154.08999633789062,185.43125915527344
2024-10-23,223.8374481201172,419.69085693359375,161.8454132080078,170.34841918945312,485.0299987792969,281.5589294433594,54.27899932861328,161.0702362060547,152.91000366210938,192.85922241210938
2024-10-24,210.02731323242188,419.8193664550781,161.7857666015625,171.60809326171875,482.8699951171875,283.8654479980469,53.970375061035156,162.5204315185547,153.44000244140625,197.51486206054688
2024-10-25,206.44973754882812,423.1997985839844,164.32113647460938,170.76174926757812,483.7200012207031,287.528076171875,53.75819396972656,164.61839294433594,156.22999572753906,197.8207550048828
2024-10-28,204.75717163085938,421.6578369140625,165.76280212402344,169.6792449951172,481.0400085449219,290.8046569824219,53.314552307128906,166.503662109375,159.9199981689453,196.76919555664062
2024-10-29,202.3721160888672,426.95587158203125,168.70579528808594,170.6731719970703,485.3900146484375,295.87298583984375,53.7003288269043,170.15821838378906,166.25,202.0461883544922
2024-10-30,197.0538787841797,427.5291748046875,173.45834350585938,171.78521728515625,486.67999267578125,293.4081115722656,53.613525390625,162.05636596679688,148.60000610351562,198.77674865722656
2024-10-31,198.80418395996094,401.65185546875,170.12759399414062,165.1720428466797,478.0799865722656,288.4288635253906,52.82268142700195,157.3673553466797,144.07000732421875,195.49539184570312
2024-11-01,200.27560424804688,405.6253662109375,170.3065643310547,167.31736755371094,482.79998779296875,291.74505615234375,53.52672576904297,159.78436279296875,141.86000061035156,197.18899536132812
2024-11-04,198.4195098876953,403.7374572753906,168.26832580566406,166.89422607421875,481.3500061035156,295.00189208984375,53.844993591308594,159.69735717773438,140.7100067138672,195.9765167236328
2024-11-05,199.62164306640625,406.7027587890625,168.7654571533203,169.0493927001953,486.4200134277344,294.48712158203125,54.163265228271484,160.4031219482422,141.66000366210938,194.82177734375
2024-11-06,205.4207305908203,415.32196044921875,175.49659729003906,178.35902404785156,504.8299865722656,303.8021240234375,55.812461853027344,167.2481231689453,145.10000610351562,206.85983276367188
2024-11-07,205.50729370117188,420.51123046875,179.71224975585938,183.407470703125,500.9200134277344,307.6429748535156,56.01499557495117,167.1707763671875,149.82000732421875,209.33285522460938
2024-11-08,205.53611755371094,417.6546630859375,177.3260040283203,186.24169921875,494.67999267578125,318.70025634765625,55.99570846557617,165.23716735839844,147.9499969482422,211.97911071777344
2024-11-11,205.39187622070312,413.177001953125,179.31455993652344,186.12362670898438,504.4800109863281,338.28057861328125,56.54544448852539,162.70411682128906,147.35000610351562,207.72586059570312
2024-11-12,204.38381958007812,418.13897705078125,180.57723999023438,186.56646728515625,526.4199829101562,337.7064208984375,56.62259292602539,157.98609924316406,143.6300048828125,204.75244140625
2024-11-13,204.44198608398438,420.2839050292969,177.8529815673828,186.61566162109375,532.5,338.2706298828125,57.07588577270508,155.0953369140625,139.3000030517578,197.95880126953125
2024-11-14,202.57125854492188,421.9543762207031,174.57192993164062,184.07667541503906,529.8699951171875,328.30230712890625,55.860679626464844,158.5275115966797,138.83999633789062,198.22824096679688
2024-11-15,198.6941375732422,410.2018737792969,171.4996795654297,180.81927490234375,503.3699951171875,321.9768371582031,55.41704177856445,155.17266845703125,134.89999389648438,193.5323486328125
2024-11-18,201.69888305664062,410.9530029296875,174.29351806640625,182.77764892578125,499.510009765625,318.9971618652344,55.27237319946289,159.0399169921875,138.92999267578125,199.36370849609375
2024-11-19,203.79257202148438,412.9595642089844,177.09735107421875,185.8972625732422,499.6099853515625,320.1652526855469,54.98303985595703,159.2429656982422,139.38999938964844,193.48423767089844
2024-11-20,208.0089569091797,410.6861572265625,174.96963500976562,187.71786499023438,499.5,322.412353515625,55.45561981201172,149.14947509765625,137.60000610351562,190.712890625
2024-11-21,215.5693817138672,408.913330078125,166.66758728027344,189.37115478515625,504.44000244140625,332.3905944824219,55.51348876953125,150.2999725341797,137.49000549316406,190.72250366210938
2024-11-22,216.12188720703125,413.00372314453125,163.81405639648438,189.23338317871094,512.1500244140625,338.5675964355469,56.468284606933594,151.5858154296875,138.35000610351562,190.53005981445312
2024-11-25,219.18482971191406,414.7765808105469,166.68743896484375,185.00172424316406,518.72998046875,335.6869812011719,56.65153121948242,153.54844665527344,141.1300048828125,195.27406311035156
2024-11-26,221.80191040039062,423.8883972167969,168.14901733398438,187.34388732910156,525.2999877929688,339.7159423828125,57.471309661865234,151.72116088867188,137.72000122070312,193.36874389648438
2024-11-27,219.95057678222656,418.93634033203125,168.25839233398438,179.7958221435547,513.6799926757812,326.6788635253906,57.181976318359375,151.20877075195312,136.24000549316406,191.67515563964844
2024-11-29,220.425537109375,419.4018249511719,167.97999572753906,181.90179443359375,515.9299926757812,326.6590576171875,57.104820251464844,153.26806640625,137.17999267578125,193.44573974609375
2024-12-02,220.40614318847656,426.8498229980469,170.50543212890625,178.5263214111328,516.2000122070312,327.66876220703125,57.31700134277344,157.61871337890625,142.05999755859375,194.1674346923828
2024-12-03,221.96669006347656,427.0676574707031,170.3562774658203,179.9827880859375,516.260009765625,328.08453369140625,57.3652229309082,157.1836395263672,141.97999572753906,189.78909301757812
2024-12-04,226.31878662109375,433.2280578613281,173.36888122558594,185.19854736328125,536.489990234375,364.1567077636719,57.500240325927734,157.91842651367188,143.99000549316406,189.23098754882812
2024-12-05,227.5400848388672,438.3782043457031,171.64881896972656,183.27955627441406,538.219970703125,357.7322082519531,57.886024475097656,155.87750244140625,141.36000061035156,185.70907592773438
2024-12-06,230.7290496826172,439.31915283203125,173.70693969726562,188.64291381835938,552.9600219726562,358.33599853515625,57.76064682006836,155.02224731445312,138.58999633789062,185.81492614746094
2024-12-09,222.9359588623047,441.74560546875,174.56295776367188,187.42262268066406,547.9299926757812,348.021240234375,56.85406494140625,156.2176513671875,130.8699951171875,186.1517333984375
2024-12-10,224.6031494140625,439.08135986328125,184.31788635253906,174.9146728515625,547.0499877929688,345.29901123046875,56.632240295410156,152.05809020996094,127.73999786376953,183.0050811767578
2024-12-11,223.05227661132812,444.68719482421875,194.5007781982422,175.74130249023438,549.9299926757812,351.26812744140625,56.50686264038086,155.333251953125,130.14999389648438,184.4677276611328
2024-12-12,225.12655639648438,445.2516784667969,191.07664489746094,172.5331268310547,474.6300048828125,354.416015625,56.757625579833984,153.78799438476562,130.60000610351562,184.47735595703125
2024-12-13,223.7307891845703,442.983642578125,188.9464874267578,170.63380432128906,465.69000244140625,350.7335510253906,56.535797119140625,154.06982421875,126.91000366210938,184.36187744140625
2024-12-16,222.28656005859375,447.2622375488281,195.75498962402344,168.5081329345703,461.5299987792969,353.62408447265625,56.275394439697266,153.4478302001953,126.69000244140625,182.312255859375
2024-12-17,221.93760681152344,450.1047668457031,194.52069091796875,167.0123291015625,455.2300109863281,347.4273376464844,56.439353942871094,153.4770050048828,125.0199966430664,181.02279663085938
2024-12-18,213.40789794921875,433.1983337402344,187.53302001953125,162.7806396484375,441.30999755859375,334.20684814453125,55.48455047607422,148.7440185546875,121.41000366210938,178.0205078125
2024-12-19,217.042724609375,432.841796875,187.64248657226562,166.10691833496094,437.3900146484375,333.21588134765625,55.580997467041016,146.16856384277344,118.87999725341797,177.510498046875
2024-12-20,216.49990844726562,432.4159240722656,190.52915954589844,166.96310424804688,447.1700134277344,340.56927490234375,56.439353942871094,148.58853149414062,119.20999908447266,179.8199462890625
2024-12-23,215.1138153076172,431.0788269042969,193.7343292236328,166.45135498046875,446.739990234375,339.8260192871094,56.88299560546875,153.78799438476562,124.5999984741211,182.96658325195312
2024-12-24,217.5176544189453,435.11968994140625,195.20751953125,168.68527221679688,447.94000244140625,341.34228515625,57.72206497192383,154.87648010253906,126.29000091552734,185.1798095703125
2024-12-26,217.98291015625,433.911376953125,194.6998748779297,168.9509735107422,450.1600036621094,338.6565856933594,57.847442626953125,154.06982421875,125.05999755859375,184.49661254882812
2024-12-27,215.937744140625,426.40411376953125,191.8729248046875,166.27423095703125,446.4800109863281,335.41595458984375,57.490596771240234,152.81613159179688,125.19000244140625,183.9673614501953
2024-12-30,213.4854278564453,420.7586669921875,190.35995483398438,164.25682067871094,445.79998779296875,332.730224609375,57.085533142089844,150.23095703125,122.44000244140625,180.8688507080078
2024-12-31,213.0783233642578,417.4605712890625,188.42886352539062,163.9910888671875,444.67999267578125,331.33282470703125,57.095176696777344,149.2979736328125,120.79000091552734,180.43580627441406
2025-01-02,213.18495178222656,414.568603515625,188.55825805664062,163.3908233642578,441.0,327.6957702636719,56.99873352050781,149.3174285888672,120.62999725341797,179.8969268798828
2025-01-03,215.81170654296875,419.2928771972656,190.9073944091797,163.67617797851562,430.57000732421875,329.9156799316406,57.15409469604492,153.3895263671875,125.37000274658203,183.32261657714844
2025-01-06,215.83111572265625,423.7497863769531,195.96401977539062,163.0561981201172,431.17999267578125,327.5669250488281,57.06670379638672,155.35269165039062,129.5500030517578,184.92962646484375
2025-01-07,217.08148193359375,418.322265625,194.59039306640625,159.45437622070312,422.6300048828125,322.01715087890625,57.22206497192383,156.0038604736328,127.33000183105469,184.95848083496094
2025-01-08,216.325439453125,420.4913024902344,193.05747985839844,160.5467529296875,419.5799865722656,323.969482421875,57.48423767089844,154.60435485839844,121.83999633789062,184.42922973632812
2025-01-10,213.00076293945312,414.93505859375,191.15625,152.4178009033203,405.9200134277344,315.0006408691406,57.037574768066406,152.56344604492188,116.04000091552734,182.97621154785156
2025-01-13,210.72296142578125,413.1919250488281,190.1309814453125,151.84561157226562,408.5,316.2096862792969,57.05699157714844,152.709228515625,117.31999969482422,183.88075256347656
2025-01-14,211.0622100830078,411.6865234375,188.78721618652344,154.20339965820312,412.7099914550781,320.63958740234375,57.6104736328125,155.0417022705078,116.08999633789062,186.19981384277344
2025-01-15,213.27218627929688,422.2245178222656,194.6501007080078,156.17642211914062,417.2799987792969,318.28094482421875,58.24163055419922,159.78440856933594,119.95999908447266,190.05853271484375
2025-01-16,215.8214111328125,420.5110778808594,192.02224731445312,157.38986206054688,426.92999267578125,317.1313171386719,58.08626937866211,156.88824462890625,118.44000244140625,180.30108642578125
2025-01-17,217.88597106933594,424.91845703125,195.09803771972656,158.85977172851562,429.989990234375,321.6504821777344,58.4843864440918,159.93019104003906,121.45999908447266,185.16058349609375
2025-01-21,217.37225341796875,424.3935241699219,197.1385955810547,170.24427795410156,436.3599853515625,323.9100341796875,59.26120376586914,162.5639190673828,122.27999877929688,187.8645477294922
2025-01-22,216.40298461914062,441.9239501953125,197.45712280273438,181.7372589111328,437.32000732421875,329.63818359375,59.843814849853516,165.4503936767578,123.75,189.61590576171875
2025-01-23,219.0975799560547,442.42901611328125,197.06890869140625,183.95693969726562,437.2799987792969,331.65985107421875,60.42642593383789,169.4544677734375,123.04000091552734,193.04159545898438
2025-01-24,217.89569091796875,439.8044128417969,199.28866577148438,181.1256103515625,435.3800048828125,330.8869323730469,60.42642593383789,167.26776123046875,122.83999633789062,178.52090454101562
2025-01-27,217.24627685546875,430.3954772949219,190.92730712890625,156.14683532714844,438.6000061035156,343.9884033203125,57.36772155761719,166.36392211914062,115.01000213623047,179.97390747070312
2025-01-28,218.72927856445312,442.9143371582031,194.40126037597656,161.78976440429688,442.8399963378906,356.72320556640625,57.70757293701172,166.72354125976562,114.16999816894531,173.7576446533203
2025-01-29,221.60804748535156,438.0909729003906,194.51075744628906,159.83644104003906,441.67999267578125,350.8265380859375,57.8240966796875,166.87901306152344,117.3499984741211,173.46896362304688
2025-01-30,250.33770751953125,411.01300048828125,199.9456329345703,168.08380126953125,446.0,340.49005126953125,58.71743392944336,167.09280395507812,118.86000061035156,178.2803192138672
2025-01-31,247.8466339111328,411.08233642578125,203.0811309814453,167.76808166503906,437.45001220703125,338.63677978515625,58.84366226196289,168.064697265625,115.94999694824219,178.95887756347656
2025-02-03,252.72218322753906,406.9820251464844,200.303955078125,166.32777404785156,438.6000061035156,336.1988525390625,59.270912170410156,165.4503936767578,114.2699966430664,175.40122985839844
2025-02-04,256.33758544921875,408.4180908203125,205.43028259277344,165.62733459472656,440.2300109863281,341.054931640625,59.562217712402344,168.1715850830078,119.5,175.03286743164062
2025-02-05,255.2132110595703,409.3293151855469,190.4495391845703,169.34652709960938,437.6300048828125,344.8109436035156,60.756568908691406,170.91226196289062,112.01000213623047,176.0313262939453
2025-02-06,245.65606689453125,411.8350524902344,190.71829223632812,170.02723693847656,435.3999938964844,327.8443908691406,60.465267181396484,164.5562744140625,110.16000366210938,177.6696014404297
2025-02-07,244.58982849121094,405.8232116699219,184.48707580566406,172.1088104248047,433.07000732421875,322.9090576171875,60.465267181396484,163.23452758789062,107.55999755859375,174.49002075195312
2025-02-10,243.22381591796875,408.26953125,185.6118927001953,176.5086669921875,451.1000061035156,324.26678466796875,60.98961639404297,166.5388641357422,110.4800033569336,174.79051208496094
2025-02-11,248.5220947265625,407.49700927734375,184.46719360351562,174.80201721191406,458.82000732421875,321.49188232421875,60.62063217163086,167.15115356445312,111.0999984741211,173.76296997070312
2025-02-12,249.6051788330078,405.1199951171875,182.76502990722656,169.8990020751953,462.760009765625,323.1964416503906,60.71772766113281,165.4989471435547,111.72000122070312,174.48031616210938
2025-02-13,252.90322875976562,406.60565185546875,185.28341674804688,171.5168914794922,459.2200012207031,326.8930358886719,61.9897575378418,167.306640625,111.80999755859375,175.26553344726562
2025-02-14,254.94253540039062,404.5158386230469,184.37759399414062,171.8128204345703,460.1600036621094,323.61273193359375,62.98991012573242,167.38438415527344,113.0999984741211,177.42726135253906
2025-02-18,256.6891174316406,405.71429443359375,182.92431640625,177.37684631347656,464.1099853515625,326.010986328125,62.718017578125,168.7547149658203,114.27999877929688,180.75225830078125
2025-02-19,257.9087829589844,410.79510498046875,184.4174041748047,179.0736541748047,456.989990234375,321.6206970214844,62.960777282714844,170.29025268554688,114.69000244140625,190.31044006347656
2025-02-20,258.31854248046875,412.968505859375,183.710693359375,173.62803649902344,454.69000244140625,315.5754089355469,62.79570770263672,168.81301879882812,114.16999816894531,197.71658325195312
2025-02-21,255.13768005371094,405.108642578125,178.83323669433594,165.5484161376953,444.32000732421875,307.0227355957031,62.125701904296875,160.77569580078125,110.83999633789062,195.81655883789062
2025-02-24,255.51817321777344,400.93060302734375,178.4251251220703,167.66944885253906,444.4200134277344,305.5560302734375,61.40715026855469,156.56753540039062,108.11000061035156,194.5951385498047
2025-02-25,251.49810791015625,394.876953125,174.61273193359375,166.26858520507812,443.4100036621094,303.137939453125,62.40729904174805,156.68414306640625,103.95999908447266,193.8583984375
2025-02-26,249.63442993164062,396.6930847167969,171.93511962890625,170.14559936523438,441.5,304.57489013671875,62.222808837890625,157.5393829345703,104.73999786376953,192.1716766357422
2025-02-27,247.08775329589844,389.5477600097656,167.72457885742188,162.5395050048828,437.19000244140625,292.25634765625,61.960628509521484,150.09490966796875,99.51000213623047,185.44410705566406
2025-02-28,246.31692504882812,393.973876953125,169.4963836669922,163.822021484375,438.55999755859375,295.1799011230469,62.25193786621094,152.7480926513672,99.86000061035156,189.99053955078125
2025-03-03,244.12149047851562,385.5384521484375,166.24143981933594,159.83644104003906,440.7200012207031,290.432861328125,61.640193939208984,149.2979736328125,98.2300033569336,188.43951416015625
2025-03-04,247.06825256347656,385.65753173828125,170.13345336914062,155.3477783203125,446.0299987792969,284.7640686035156,61.426570892333984,150.1143341064453,100.75,188.87574768066406
2025-03-05,245.2533721923828,397.9732666015625,172.2238006591797,159.3826446533203,451.239990234375,289.3526306152344,62.10628128051758,154.03097534179688,101.66999816894531,189.5834197998047
2025-03-06,242.65786743164062,393.8746643066406,171.556884765625,148.90577697753906,444.7799987792969,283.4856262207031,61.57221984863281,152.46759033203125,98.8499984741211,183.54408264160156
2025-03-07,255.19618225097656,390.3218688964844,173.05990600585938,153.0689239501953,449.3999938964844,280.3540344238281,62.08686065673828,157.52899169921875,100.30999755859375,184.68797302246094
2025-03-10,250.6687469482422,377.2717590332031,165.2968292236328,146.7847442626953,435.0799865722656,270.45355224609375,60.2613525390625,151.4318389892578,96.62999725341797,180.78134155273438
2025-03-11,242.91156005859375,377.5595397949219,163.47315979003906,142.2368621826172,433.6600036621094,274.56634521484375,58.91163635253906,149.5948944091797,96.76000213623047,171.91143798828125
2025-03-12,243.57508850097656,380.3581237792969,166.5325469970703,148.8564453125,438.6000061035156,282.0288391113281,58.70772171020508,149.30177307128906,100.79000091552734,170.32164001464844
2025-03-13,239.83798217773438,375.892333984375,162.19760131835938,145.66998291015625,377.8399963378906,269.3039245605469,57.940616607666016,148.46145629882812,98.11000061035156,168.2859344482422
2025-03-14,242.3261260986328,385.60791015625,164.91815185546875,147.2582550048828,394.739990234375,276.895263671875,58.74656295776367,152.99522399902344,100.97000122070312,171.0195770263672
2025-03-17,246.83407592773438,385.74688720703125,163.7222900390625,151.9343719482422,399.3399963378906,278.2331848144531,59.1252555847168,154.3338623046875,104.58999633789062,174.48031616210938
2025-03-18,240.96006774902344,380.606201171875,160.11480712890625,147.43585205078125,391.3699951171875,276.2313232421875,58.55236053466797,152.7118682861328,103.51000213623047,173.9568328857422
2025-03-19,246.17056274414062,384.8735656738281,163.32369995117188,150.3954315185547,387.8900146484375,276.8854064941406,59.34859085083008,154.63674926757812,106.2300033569336,176.17674255371094
2025-03-20,237.4181365966797,383.9010009765625,162.23744201660156,150.6617889404297,389.6099853515625,276.528564453125,58.86308288574219,154.3338623046875,107.13999938964844,175.14918518066406
2025-03-21,237.9547882080078,388.2874755859375,163.42333984375,150.17835998535156,387.260009765625,278.1043395996094,58.55236053466797,153.229736328125,106.44000244140625,173.52061462402344
2025-03-24,242.4237060546875,390.0935974121094,167.1005859375,152.7827911376953,394.4700012207031,283.396484375,59.20294189453125,156.41510009765625,113.8499984741211,179.83132934570312
2025-03-25,243.83851623535156,392.1578063964844,169.9706268310547,151.85546875,403.6400146484375,286.0227355957031,59.22236633300781,156.48348999023438,114.80999755859375,178.33847045898438
2025-03-26,244.26783752441406,387.0072326660156,164.48963928222656,145.80809020996094,397.80999755859375,278.47100830078125,60.00888442993164,154.7637939453125,110.19000244140625,178.84254455566406
2025-03-27,240.238037109375,387.612548828125,161.6793975830078,143.8153076171875,396.1499938964844,275.3195495605469,59.620479583740234,154.35340881347656,106.6500015258789,175.2267303466797
2025-03-28,238.0816192626953,375.9220886230469,153.79672241210938,138.9714813232422,385.7099914550781,267.5498352050781,59.09613037109375,149.22360229492188,103.22000122070312,170.93234252929688
2025-03-31,242.62860107421875,372.5379943847656,154.1056365966797,137.92576599121094,383.5299987792969,265.9542541503906,59.92149353027344,150.09323120117188,102.73999786376953,174.19918823242188
2025-04-01,244.26783752441406,379.2863464355469,156.52725219726562,140.02706909179688,383.20001220703125,267.7778015136719,60.00888442993164,149.54603576660156,102.77999877929688,172.5415496826172
2025-04-02,243.91659545898438,379.2367248535156,156.49734497070312,143.8942413330078,385.7799987792969,269.10577392578125,60.02830505371094,150.55245971679688,102.95999908447266,172.7353973388672
2025-04-03,237.58401489257812,370.2752990722656,150.19918823242188,135.38055419921875,367.25,252.94195556640625,56.02055358886719,136.22808837890625,93.80000305175781,159.1736602783203
2025-04-04,221.9623260498047,357.10614013671875,145.09689331054688,126.54129791259766,349.07000732421875,238.6016845703125,53.3128776550293,124.54190063476562,85.76000213623047,146.75579833984375
2025-04-07,220.30357360839844,355.14117431640625,146.24290466308594,125.4462661743164,340.70001220703125,242.02078247070312,53.1858024597168,126.75016784667969,83.63999938964844,149.28590393066406
2025-04-08,215.66879272460938,351.8662109375,144.19998168945312,122.82210540771484,340.0,241.802734375,51.99325180053711,121.80601501464844,78.20999908447266,141.54046630859375
2025-04-09,229.60240173339844,387.52325439453125,158.1615753173828,137.80740356445312,364.6400146484375,262.7928771972656,56.822105407714844,140.3026123046875,96.83999633789062,164.31143188476562
2025-04-10,223.98211669921875,378.45269775390625,152.2919464111328,132.02540588378906,350.04998779296875,253.23020935058594,55.31675338745117,131.32301330566406,88.69999694824219,151.8063201904297
2025-04-11,229.76828002929688,385.498779296875,156.5970001220703,131.0353546142578,352.4700012207031,253.11111450195312,56.04010772705078,136.06198120117188,93.4000015258789,143.08181762695312
2025-04-14,233.26144409179688,384.8636169433594,158.5203399658203,133.30258178710938,350.9100036621094,252.66444396972656,56.11830139160156,136.0033416748047,94.5,146.3583221435547
2025-04-15,234.86167907714844,382.7994384765625,155.76988220214844,132.6095428466797,350.3800048828125,253.0416259765625,55.91303253173828,135.42684936523438,95.29000091552734,146.5522003173828
2025-04-16,232.78334045410156,368.7867126464844,152.80018615722656,128.4710693359375,344.19000244140625,247.9893341064453,54.50542449951172,132.63235473632812,88.29000091552734,142.06394958496094
2025-04-17,233.01751708984375,364.9858093261719,150.63768005371094,127.34239196777344,348.79998779296875,245.42843627929688,54.50542449951172,133.53128051757812,87.5,143.89608764648438
2025-04-21,230.49034118652344,356.3916015625,147.15972900390625,121.5999984741211,343.2200012207031,234.5099334716797,53.146705627441406,133.02317810058594,85.55999755859375,141.1527099609375
2025-04-22,235.05682373046875,364.0331115722656,150.9465789794922,125.97608947753906,349.9100036621094,241.5871124267578,53.80162811279297,135.56365966796875,86.26000213623047,142.2675323486328
2025-04-23,239.52572631835938,371.54559326171875,154.81320190429688,130.09475708007812,351.9599914550781,248.6245880126953,54.37835693359375,137.24429321289062,90.38999938964844,147.49252319335938
2025-04-24,223.76747131347656,384.3575134277344,158.7296142578125,136.1440887451172,360.9100036621094,262.7392578125,55.02350616455078,143.83975219726562,94.47000122070312,157.16702270507812
2025-04-25,226.7727508544922,388.8729553222656,161.4003448486328,137.11434936523438,367.7200012207031,265.865966796875,55.434051513671875,145.15882873535156,96.6500015258789,157.8746795654297
2025-04-28,230.4318084716797,388.1882019042969,160.05502319335938,138.7479705810547,368.6199951171875,263.67230224609375,55.56113052368164,144.24034118652344,96.38999938964844,157.467529296875
2025-04-29,233.5834503173828,391.0462951660156,159.60658264160156,139.39149475097656,370.9800109863281,265.7765808105469,56.04987716674805,143.51730346679688,96.05999755859375,155.84864807128906
2025-04-30,235.9545135498047,392.25701904296875,158.2512664794922,139.3221893310547,374.9800109863281,266.71954345703125,56.43109893798828,145.06112670898438,97.3499984741211,156.47434997558594
2025-05-01,233.84690856933594,422.16802978515625,160.7426300048828,144.04483032226562,374.6300048828125,267.3349609375,56.81232833862305,132.11448669433594,96.6500015258789,154.72433471679688
2025-05-02,239.5940399169922,431.97296142578125,163.46319580078125,149.2327423095703,380.8699951171875,273.0423583984375,57.9951057434082,136.60916137695312,98.80000305175781,160.83470153808594
2025-05-05,243.135986328125,432.8562316894531,163.64259338378906,147.80706787109375,381.05999755859375,270.6105041503906,57.985328674316406,136.24761962890625,100.58999633789062,158.79139709472656
2025-05-06,243.0774383544922,430.0179443359375,162.66595458984375,146.2328643798828,382.9800109863281,271.3351135253906,57.887577056884766,136.6970977783203,98.62000274658203,157.49110412597656
2025-05-07,247.224365234375,430.0576477050781,150.85691833496094,147.8862762451172,384.9700012207031,276.1690673828125,58.229705810546875,140.99635314941406,100.36000061035156,161.10845947265625
2025-05-08,247.97569274902344,434.84100341796875,153.74688720703125,148.8070526123047,383.989990234375,277.6678466796875,58.366554260253906,141.77806091308594,101.69999694824219,161.93946838378906
2025-05-09,244.77359008789062,435.3967590332031,152.22219848632812,148.84661865234375,383.2799987792969,273.3798828125,58.42520523071289,141.85621643066406,102.83999633789062,168.42135620117188
2025-05-12,249.183837890625,445.8467712402344,157.91246032714844,155.65829467773438,395.94000244140625,286.6805725097656,60.28245162963867,148.6373291015625,108.12000274658203,183.0960235595703
2025-05-13,253.99679565429688,445.72772216796875,158.97872924804688,160.6581268310547,397.3999938964844,287.0279846191406,60.38998031616211,147.8751983642578,112.45999908447266,183.99546813964844
2025-05-14,253.240478515625,449.4988098144531,164.79855346679688,161.3313751220703,399.4700012207031,288.5863342285156,59.91100311279297,149.47764587402344,117.72000122070312,183.1546630859375
2025-05-15,261.9430847167969,450.5129089355469,163.3934326171875,157.81663513183594,404.69000244140625,288.6062316894531,62.814186096191406,149.11611938476562,114.98999786376953,183.63372802734375
2025-05-16,262.0216979980469,451.6463317871094,165.61573791503906,158.89581298828125,417.1300048828125,288.9933166503906,62.18857955932617,149.0086212158203,117.16999816894531,184.28875732421875
2025-05-19,263.64239501953125,456.2197570800781,165.9645233154297,158.0542449951172,420.67999267578125,285.4993896484375,62.48183059692383,150.18116760253906,114.73999786376953,184.13232421875
2025-05-20,262.20831298828125,455.5238342285156,163.41336059570312,158.7176055908203,417.6099853515625,285.9262390136719,61.993080139160156,150.29843139648438,113.51000213623047,184.4940643310547
2025-05-21,256.2362976074219,449.9561767578125,167.97755432128906,155.61868286132812,414.0299987792969,280.18902587890625,61.77803039550781,147.84588623046875,112.05999755859375,181.27755737304688
2025-05-22,253.78070068359375,452.2329406738281,170.27955627441406,155.74740600585938,414.3299865722656,281.32061767578125,61.93443298339844,143.99607849121094,110.70999908447266,176.1839599609375
2025-05-23,254.03610229492188,447.5799560546875,167.8878631591797,154.42071533203125,407.69000244140625,271.1068115234375,61.69005584716797,142.05166625976562,110.30999755859375,172.36131286621094
2025-05-27,258.55438232421875,458.0292663574219,172.30255126953125,160.3017120361328,413.1000061035156,275.13677978515625,62.31565475463867,145.22723388671875,114.55999755859375,179.1462860107422
2025-05-28,255.61746215820312,454.7184753417969,171.76441955566406,162.22244262695312,412.2300109863281,273.9853210449219,61.91488265991211,144.2208251953125,112.86000061035156,180.0359344482422
2025-05-29,254.0950469970703,456.0308837890625,171.26614379882812,161.28187561035156,413.3599853515625,264.94281005859375,61.631404876708984,144.94386291503906,113.02999877929688,180.857177734375
2025-05-30,254.4584503173828,457.7011413574219,171.1465606689453,163.88575744628906,415.0899963378906,263.404296875,61.62163162231445,141.87576293945312,110.7300033569336,178.76498413085938
2025-06-02,259.21246337890625,459.3018493652344,168.4459228515625,164.91542053222656,403.3999938964844,259.68206787109375,62.41340255737305,143.2730255126953,114.62999725341797,180.09458923339844
2025-06-03,260.4894104003906,460.29608154296875,165.60577392578125,167.45989990234375,412.489990234375,262.5109558105469,62.91193389892578,145.53013610839844,117.30999755859375,183.87814331054688
2025-06-04,260.8037109375,461.1908874511719,167.46929931640625,166.4302215576172,413.9100036621094,261.2206115722656,62.94125747680664,145.6376190185547,118.58000183105469,186.4591522216797
2025-06-05,262.1199035644531,464.9788818359375,167.62876892089844,169.44003295898438,415.20001220703125,265.16119384765625,63.166080474853516,145.04782104492188,115.69000244140625,186.2342987060547
2025-06-06,264.09417724609375,467.6632995605469,173.079833984375,172.2914276123047,416.9200134277344,272.4765930175781,64.57368469238281,146.69923400878906,116.19000244140625,188.1211700439453
2025-06-09,267.2471618652344,470.0196228027344,175.69395446777344,175.39031982421875,416.260009765625,270.2333068847656,64.41728210449219,152.76419067382812,121.7300033569336,194.75950622558594
2025-06-10,271.3332824707031,468.2001953125,178.1983184814453,175.717041015625,416.05999755859375,266.2331848144531,63.68415832519531,156.42086791992188,123.23999786376953,197.7706756591797
2025-06-11,276.5195007324219,469.890380859375,176.9511260986328,174.6279754638672,412.8399963378906,263.9403076171875,62.745758056640625,156.764892578125,121.13999938964844,195.22877502441406
2025-06-12,276.0382080078125,476.104248046875,175.30484008789062,197.874755859375,413.67999267578125,264.932861328125,63.63528060913086,155.9981689453125,118.5,195.19943237304688
2025-06-13,272.2958984375,472.2168273925781,174.2771453857422,213.08216857910156,391.67999267578125,256.4859313964844,62.64800262451172,152.0859375,116.16000366210938,190.64353942871094
2025-06-16,276.823974609375,476.3727111816406,176.3724365234375,209.0030975341797,401.7300109863281,261.9253234863281,64.03606414794922,154.19932556152344,126.38999938964844,194.76925659179688
2025-06-17,278.0223083496094,475.279052734375,175.55426025390625,206.11209106445312,382.67999267578125,260.8136291503906,63.860111236572266,151.8303680419922,127.0999984741211,193.27346801757812
2025-06-18,278.17950439453125,477.4663391113281,172.93020629882812,208.77537536621094,378.0400085449219,257.9862365722656,64.3586196899414,151.01449584960938,126.79000091552734,193.918701171875
2025-06-20,275.9792785644531,474.6427307128906,166.26522827148438,203.1320037841797,376.9200134277344,259.109619140625,64.82782745361328,148.74383544921875,128.24000549316406,193.7720489501953
2025-06-23,284.0434265136719,483.1930847167969,164.8184814453125,204.98341369628906,380.1199951171875,261.8733825683594,65.86398315429688,150.5328369140625,129.5800018310547,196.89077758789062
2025-06-24,288.571533203125,487.279296875,166.39492797851562,213.1316680908203,382.3399963378906,269.588134765625,66.36250305175781,153.05908203125,138.42999267578125,201.2120361328125
2025-06-25,285.8900451660156,489.4268493652344,170.29612731933594,208.6268768310547,387.54998779296875,266.1980285644531,66.65576171875,153.27532958984375,143.39999389648438,200.79164123535156
2025-06-26,286.74456787109375,494.57696533203125,173.14968872070312,210.7060089111328,384.95001220703125,269.16064453125,67.3986587524414,155.49685668945312,143.67999267578125,201.70086669921875
2025-06-27,284.55419921875,493.0756530761719,178.1284637451172,208.1516571044922,385.8299865722656,271.8250427246094,67.10541534423828,155.8408966064453,143.80999755859375,202.45367431640625
2025-06-30,289.5439758300781,494.5372009277344,175.83364868164062,216.4582977294922,386.8800048828125,271.0992736816406,67.81898498535156,156.5486297607422,141.89999389648438,202.98159790039062
2025-07-01,286.0275573730469,489.2081298828125,175.4445343017578,216.7850341796875,392.1000061035156,270.3238220214844,67.54528045654297,156.68626403808594,136.11000061035156,205.7483673095703
2025-07-02,282.5406188964844,488.2536926269531,178.23822021484375,227.69554138183594,378.4700012207031,267.6395568847656,67.04676055908203,159.55654907226562,138.52000427246094,210.77354431152344
2025-07-03,286.78387451171875,495.95892333984375,179.126220703125,234.96266174316406,379.30999755859375,270.56243896484375,68.21697998046875,159.4484100341797,137.91000366210938,211.19393920898438
2025-07-07,287.2749938964844,494.84539794921875,176.3923797607422,229.95289611816406,376.92999267578125,268.22613525390625,67.7843017578125,155.3985595703125,134.8000030517578,208.6422576904297
2025-07-08,285.2614440917969,493.7517395019531,173.9678497314453,232.170654296875,382.239990234375,272.0536804199219,67.44994354248047,156.7353973388672,137.82000732421875,211.79031372070312
2025-07-09,284.9864196777344,500.6019592285156,176.2227783203125,233.4676513671875,373.3800048828125,269.3396301269531,68.11863708496094,156.63711547851562,138.41000366210938,211.55567932128906
2025-07-10,282.32452392578125,498.58367919921875,177.2205047607422,233.1600799560547,371.42999267578125,262.43017578125,67.61711883544922,156.38153076171875,144.16000366210938,214.7526092529297
2025-07-11,278.552734375,500.4130554199219,179.7847442626953,228.7548370361328,363.3500061035156,256.5645446777344,66.8205795288086,154.779296875,146.4199981689453,216.30709838867188
2025-07-14,278.7491760253906,500.1147766113281,181.1516571044922,227.48486328125,366.989990234375,258.1651611328125,66.6927490234375,151.66323852539062,146.24000549316406,215.13392639160156
2025-07-15,277.6785583496094,502.89862060546875,181.59068298339844,233.1204071044922,364.17999267578125,256.077392578125,66.06338500976562,151.67308044433594,155.61000061035156,213.48165893554688
2025-07-16,276.91241455078125,502.69976806640625,182.55848693847656,239.41075134277344,361.7699890136719,256.4452819824219,66.25022888183594,151.44700622558594,160.0800018310547,211.8000946044922
2025-07-17,276.9909973144531,508.7446594238281,183.16712951660156,246.8024139404297,366.45001220703125,258.3640441894531,67.16476440429688,150.01185607910156,160.41000366210938,211.75120544433594
2025-07-18,280.792236328125,507.10418701171875,184.64378356933594,243.52825927734375,365.7900085449219,260.8494567871094,66.91893005371094,152.16456604003906,156.99000549316406,211.780517578125
2025-07-21,279.65283203125,507.1141357421875,189.67245483398438,241.63320922851562,367.67999267578125,260.7500305175781,67.20409393310547,156.26358032226562,157.0,209.77633666992188
2025-07-22,276.9516906738281,502.3517761230469,190.90966796875,236.2457275390625,372.8699951171875,262.0523681640625,67.027099609375,155.30026245117188,154.72000122070312,210.11851501464844
2025-07-23,277.0008239746094,502.94830322265625,189.80215454101562,240.00604248046875,372.4599914550781,265.6611633300781,67.47944641113281,157.15809631347656,158.64999389648438,182.08901977539062
2025-07-24,255.88270568847656,507.9294128417969,191.73780822753906,240.92877197265625,371.69000244140625,266.1383972167969,67.1549301147461,156.1357879638672,162.1199951171875,181.54153442382812
2025-07-25,255.10671997070312,510.7430419921875,192.74551391601562,243.20083618164062,370.739990234375,267.5401306152344,67.54828643798828,155.70327758789062,166.47000122070312,180.857177734375
2025-07-28,258.53472900390625,509.5400390625,192.14688110351562,245.77056884765625,369.4700012207031,268.6734924316406,66.79107666015625,158.3081817626953,173.66000366210938,185.02198791503906
2025-07-29,257.74896240234375,509.609619140625,195.3097381591797,248.0227813720703,370.70001220703125,265.8302307128906,66.83041381835938,159.3206329345703,177.44000244140625,187.1044158935547
2025-07-30,255.63714599609375,510.2757568359375,196.08799743652344,248.637939453125,364.0,263.2652282714844,67.14509582519531,156.35203552246094,179.50999450683594,185.28598022460938
2025-07-31,248.65341186523438,530.4187622070312,191.46839904785156,251.7831268310547,357.69000244140625,256.8230285644531,66.94842529296875,144.26145935058594,176.30999755859375,178.29441833496094
2025-08-01,245.60850524902344,521.0829467773438,188.70465087890625,242.50631713867188,347.79998779296875,249.27732849121094,65.99453735351562,145.66709899902344,171.6999969482422,178.09747314453125
2025-08-04,247.5041961669922,532.5464477539062,194.60133361816406,250.55282592773438,338.8500061035156,250.84811401367188,67.35160827636719,144.99868774414062,176.77999877929688,179.93890380859375
2025-08-05,246.21746826171875,524.701904296875,194.232177734375,253.66822814941406,338.739990234375,246.04629516601562,66.39772033691406,144.21229553222656,174.30999755859375,182.56813049316406
2025-08-06,247.7988739013672,521.908203125,195.64898681640625,254.4222869873047,345.6199951171875,247.7164764404297,68.05963897705078,143.3571014404297,163.1199951171875,183.07034301757812
2025-08-07,245.71652221679688,517.8319091796875,196.07801818847656,247.43740844726562,338.2699890136719,239.474853515625,68.73817443847656,143.41607666015625,172.39999389648438,183.07034301757812
2025-08-08,239.5756072998047,519.0248413085938,200.9669952392578,248.0922393798828,341.04998779296875,239.10699462890625,70.59675598144531,145.04782104492188,172.75999450683594,184.36033630371094
2025-08-11,233.6719970703125,518.7564697265625,200.54794311523438,250.70164489746094,333.6499938964844,231.32266235351562,69.49537658691406,145.4508514404297,172.27999877929688,180.90394592285156
2025-08-12,232.1590118408203,526.183349609375,202.88267517089844,251.87240600585938,338.42999267578125,230.3086395263672,70.19356536865234,151.11277770996094,174.9499969482422,190.0225067138672
2025-08-13,237.40008544921875,517.5734252929688,201.5057830810547,242.2681884765625,351.07000732421875,235.6472930908203,69.22986602783203,153.92410278320312,184.4199981689453,190.33761596679688
2025-08-14,234.4729766845703,519.46240234375,202.48358154296875,243.04209899902344,348.5799865722656,232.00863647460938,68.14815521240234,155.3985595703125,180.9499969482422,190.75120544433594
2025-08-15,237.053955078125,517.1657104492188,203.44142150878906,246.3361053466797,354.8500061035156,241.02574157714844,65.09967041015625,155.16265869140625,177.50999450683594,191.59808349609375
2025-08-18,236.78695678710938,514.1134643554688,203.0423126220703,247.1199188232422,357.239990234375,242.54681396484375,65.83720397949219,156.19476318359375,176.13999938964844,191.3617401123047
2025-08-19,238.59661865234375,506.8257751464844,201.11666870117188,232.78305053710938,361.0299987792969,244.56497192382812,65.6503677368164,153.58987426757812,166.5500030517578,192.9471435546875
2025-08-20,239.85247802734375,502.7992248535156,198.87173461914062,233.2196044921875,353.42999267578125,245.01234436035156,65.99453735351562,152.79367065429688,165.1999969482422,197.703369140625
2025-08-21,236.7375030517578,502.15185546875,199.3007354736328,231.33448791503906,353.42999267578125,244.39596557617188,65.90603637695312,151.5059814453125,163.7100067138672,197.644287109375
2025-08-22,239.39759826660156,505.1295166015625,205.62648010253906,234.5193328857422,362.0899963378906,246.8415985107422,66.20105743408203,155.31991577148438,167.75999450683594,202.9125518798828
2025-08-25,236.76718139648438,502.17181396484375,208.02110290527344,233.56686401367188,363.2099914550781,246.424072265625,66.02404022216797,153.75697326660156,163.36000061035156,202.82394409179688
2025-08-26,239.93161010742188,499.96099853515625,206.67413330078125,232.3762664794922,354.9100036621094,242.31817626953125,67.25326538085938,156.46017456054688,166.6199951171875,202.83377075195312
2025-08-27,242.11700439453125,504.64154052734375,207.01336669921875,233.96372985839844,356.3500061035156,248.70071411132812,67.30243682861328,157.04995727539062,167.1300048828125,202.33157348632812
2025-08-28,242.9971160888672,507.529541015625,211.1640167236328,238.4384307861328,353.9599914550781,253.04519653320312,68.27598571777344,158.0624237060547,168.5800018310547,200.97265625
2025-08-29,240.78204345703125,504.59173583984375,212.43116760253906,224.35952758789062,356.70001220703125,254.75518798828125,67.9416275024414,157.99362182617188,162.6300048828125,199.38723754882812
2025-09-02,238.8141632080078,503.0282287597656,210.87466430664062,223.5360107421875,345.6300048828125,251.3849639892578,66.67308044433594,156.07681274414062,162.32000732421875,196.75802612304688
2025-09-03,241.38525390625,503.2572937011719,230.14122009277344,221.70050048828125,348.5,254.95404052734375,66.54524230957031,154.60235595703125,162.1300048828125,192.7501983642578
2025-09-04,244.43099975585938,505.866455078125,231.77755737304688,221.2540283203125,344.30999755859375,242.58657836914062,66.85990905761719,157.8843994140625,161.7899932861328,184.4292449951172
2025-09-05,245.76597595214844,492.9501647949219,234.47146606445312,230.97731018066406,348.9700012207031,249.2971954345703,65.78804016113281,158.01290893554688,151.13999938964844,185.05947875976562
2025-09-08,253.2418975830078,496.13690185546875,233.72247314453125,236.61282348632812,358.6600036621094,250.79840087890625,65.76836395263672,158.40834045410156,151.41000366210938,182.98171997070312
2025-09-09,256.2283020019531,496.34600830078125,239.30491638183594,239.6190948486328,354.05999755859375,250.58963012695312,66.22071838378906,156.84640502929688,155.82000732421875,182.2037811279297
2025-09-10,254.0231170654297,498.29791259765625,238.84552001953125,325.75933837890625,350.1600036621094,241.1549835205078,66.99759674072266,157.13308715820312,159.5399932861328,181.19935607910156
2025-09-11,254.15167236328125,498.9352722167969,240.0438995361328,305.4496154785156,350.54998779296875,244.8433380126953,66.56491088867188,159.663818359375,155.6699981689453,181.5341796875
2025-09-12,250.62136840820312,507.7884521484375,240.4733123779297,289.89239501953125,349.3599853515625,241.3438720703125,65.42418670654297,159.98016357421875,158.57000732421875,179.8109130859375
2025-09-15,253.39022827148438,513.225830078125,251.26864624023438,299.7744445800781,347.1000061035156,241.10528564453125,65.90603637695312,159.37713623046875,161.16000366210938,175.4781036376953
2025-09-16,254.65599060058594,506.9320068359375,250.8192596435547,304.24908447265625,352.7300109863281,237.91400146484375,65.81753540039062,162.2637481689453,160.4600067138672,174.9168243408203
2025-09-17,256.1986389160156,507.9079284667969,249.19146728515625,299.0501403808594,362.07000732421875,241.2163848876953,66.59441375732422,163.37094116210938,159.16000366210938,177.54603576660156
2025-09-18,262.0528259277344,506.3444519042969,251.68807983398438,294.297607421875,367.4599914550781,243.2779083251953,67.53844451904297,166.20816040039062,157.9199981689453,178.84585571289062
2025-09-19,263.4372253417969,515.7852172851562,254.3744354248047,306.2433776855469,365.8999938964844,246.0763702392578,67.07625579833984,164.9427947998047,157.38999938964844,176.63021850585938
2025-09-22,268.3519592285156,512.3196411132812,252.18739318847656,325.5807800292969,364.0799865722656,248.6656951904297,66.62390899658203,167.77996826171875,159.7899932861328,176.87640380859375
2025-09-23,269.2122802734375,507.1212463378906,251.31858825683594,311.37286376953125,361.7799987792969,243.55674743652344,66.41739654541016,167.59214782714844,160.89999389648438,179.2594451904297
2025-09-24,264.5546569824219,508.0373840332031,246.80470275878906,306.044921875,353.2699890136719,244.8813018798828,66.20105743408203,171.56619262695312,160.8800048828125,181.622802734375
2025-09-25,278.3099670410156,504.9303283691406,245.45654296875,289.0490417480469,354.1600036621094,239.9615478515625,66.72223663330078,167.7404327392578,161.27000427246094,179.2594451904297
2025-09-26,281.1480407714844,509.3419494628906,246.2055206298828,281.2406311035156,360.3699951171875,242.43138122558594,66.10272216796875,167.2659149169922,159.4600067138672,181.7311248779297
2025-09-29,276.6882019042969,512.4689331054688,243.71890258789062,280.546142578125,359.4200134277344,244.09454345703125,66.59441375732422,163.41050720214844,161.36000061035156,180.4312744140625
2025-09-30,279.02197265625,515.8051147460938,242.77020263671875,279.03802490234375,352.75,236.02777099609375,67.28276824951172,164.45838928222656,161.7899932861328,180.9236297607422
2025-10-01,283.3038024902344,517.5578002929688,244.5677490234375,286.7471923828125,343.7200012207031,234.72314453125,67.60728454589844,164.5869140625,164.00999450683594,177.63465881347656
2025-10-02,283.53125,513.6041870117188,245.35667419433594,286.5190124511719,351.4800109863281,237.90005493164062,67.17459106445312,166.919921875,169.72999572753906,179.53518676757812
2025-10-03,285.16290283203125,515.20751953125,245.01715087890625,283.89971923828125,346.739990234375,239.3739776611328,67.19438171386719,167.2461395263672,164.6699981689453,177.56573486328125
2025-10-06,286.20123291015625,526.3811645507812,250.09024047851562,289.3070068359375,350.1400146484375,244.77174377441406,68.17382049560547,166.6925506591797,203.7100067138672,179.032958984375
2025-10-07,290.60174560546875,521.8101196289062,245.42657470703125,282.0145263671875,348.30999755859375,238.75653076171875,68.2529525756836,163.5686798095703,211.50999450683594,174.34567260742188
2025-10-08,286.24078369140625,522.676513671875,244.2881317138672,286.3702087402344,348.7699890136719,239.4436798095703,69.57864379882812,165.85226440429688,235.55999755859375,178.82618713378906
2025-10-09,285.02447509765625,520.2366943359375,241.2023162841797,295.1462707519531,347.4700012207031,244.32359313964844,69.21259307861328,163.76638793945312,232.88999938964844,176.2265167236328
2025-10-10,274.730224609375,508.84405517578125,236.2490692138672,291.1706848144531,337.510009765625,240.6885528564453,67.21417236328125,151.8343505859375,214.89999389648438,169.07737731933594
2025-10-13,274.13690185546875,511.9212646484375,243.81875610351562,306.1287536621094,339.32000732421875,247.7295684814453,66.73929595947266,159.9307403564453,216.4199981689453,172.435302734375
2025-10-14,273.07879638671875,511.4432067871094,245.1169891357422,297.1737976074219,335.94000244140625,238.78640747070312,67.92648315429688,159.89120483398438,218.08999633789062,171.28317260742188
2025-10-15,277.6276550292969,511.3038330078125,250.68942260742188,301.76556396484375,330.6300048828125,235.60948181152344,68.77729034423828,161.1071319580078,238.60000610351562,172.59286499023438
2025-10-16,272.90081787109375,509.4913330078125,251.1188507080078,311.0882873535156,329.2300109863281,244.9908447265625,68.35188293457031,162.20443725585938,234.55999755859375,172.79965209960938
2025-10-17,278.1517639160156,511.4532165527344,252.9563446044922,289.53076171875,333.260009765625,242.08282470703125,69.38076782226562,161.58163452148438,233.0800018310547,173.88284301757812
2025-10-20,280.4953918457031,514.6498413085938,256.2019348144531,275.487060546875,343.3999938964844,253.23687744140625,69.89522552490234,165.13059997558594,240.55999755859375,176.8468780517578
2025-10-21,278.9131774902344,515.5162963867188,250.12020874023438,273.4694519042969,357.54998779296875,262.32940673828125,69.9644775390625,166.900146484375,238.02999877929688,178.07778930664062
2025-10-22,284.3124694824219,518.3843383789062,251.34854125976562,270.99468994140625,354.0899963378906,255.58721923828125,69.90512084960938,167.33511352539062,230.22999572753906,168.10252380371094
2025-10-23,281.83038330078125,518.404296875,252.73666381835938,278.35943603515625,354.1199951171875,254.00372314453125,69.51927947998047,168.08642578125,234.99000549316406,169.55990600585938
2025-10-24,304.04058837890625,521.441650390625,259.5673828125,281.5994873046875,353.5199890136719,253.7846221923828,69.87543487548828,167.00889587402344,252.9199981689453,166.54664611816406
2025-10-27,309.60797119140625,529.3189697265625,268.9046630859375,279.6812744140625,357.79998779296875,254.4219970703125,70.62731170654297,185.53468322753906,259.6700134277344,166.82237243652344
2025-10-28,309.0937805175781,539.8251953125,267.1071472167969,279.11474609375,359.9100036621094,253.21694946289062,71.84417724609375,178.960693359375,258.010009765625,164.36056518554688
2025-10-29,304.7822570800781,539.3073120117188,274.197509765625,273.6185302734375,337.8599853515625,250.42845153808594,70.56795501708984,176.62767028808594,264.3299865722656,157.81211853027344
2025-10-30,306.6116943359375,523.582763671875,281.09814453125,255.32101440429688,339.239990234375,255.59713745117188,72.1310806274414,175.23377990722656,254.83999633789062,158.0583038330078
2025-10-31,303.99114990234375,515.6656494140625,280.8085021972656,261.00604248046875,340.30999755859375,259.34173583984375,72.32894134521484,178.83218383789062,256.1199951171875,160.41294860839844
2025-11-03,301.3409423828125,514.888916015625,283.3350830078125,256.275146484375,337.4700012207031,260.2679138183594,73.65462493896484,178.6542510986328,259.6499938964844,160.41294860839844
2025-11-04,297.50408935546875,512.2001342773438,277.1634521484375,246.6542510986328,335.3500061035156,253.39622497558594,71.5473861694336,170.8643035888672,250.0500030517578,158.32656860351562
2025-11-05,303.3582763671875,505.0597839355469,283.92425537109375,248.78118896484375,335.5299987792969,251.6434326171875,71.32972717285156,177.66567993164062,256.3299865722656,162.50926208496094
2025-11-06,308.9454345703125,495.04144287109375,284.3636779785156,242.3109588623047,327.3500061035156,238.2884521484375,70.28105926513672,171.22019958496094,237.6999969482422,160.33346557617188
2025-11-07,302.9726257324219,494.7626037597656,278.45172119140625,237.7986602783203,326.95001220703125,238.8959503173828,70.31073760986328,168.93661499023438,233.5399932861328,159.50885009765625
2025-11-10,307.37750244140625,503.90460205078125,289.7064208984375,239.3590850830078,328.8500061035156,240.71844482421875,71.31983184814453,169.6088409423828,243.97999572753906,159.5386505126953
2025-11-11,311.94146728515625,506.573486328125,290.914794921875,234.70767211914062,333.2200012207031,243.49700927734375,70.94389343261719,171.99127197265625,237.52000427246094,158.69415283203125
2025-11-12,313.1943359375,509.0233154296875,286.3210144042969,225.60362243652344,337.04998779296875,245.01077270507812,73.16986083984375,174.65052795410156,258.8900146484375,162.03236389160156
2025-11-13,303.1316833496094,501.205810546875,278.19207763671875,216.2411651611328,333.6000061035156,239.4436798095703,76.5533218383789,172.50534057617188,247.9600067138672,161.17794799804688
2025-11-14,303.9570007324219,508.0672912597656,276.0350036621094,221.48890686035156,331.1099853515625,242.6604461669922,77.16670227050781,171.99127197265625,246.80999755859375,158.2967529296875
2025-11-17,295.48529052734375,505.388427734375,284.63330078125,218.5171661376953,325.07000732421875,236.05763244628906,76.94905090332031,164.84393310546875,240.52000427246094,153.9849090576172
2025-11-18,288.3062438964844,491.74517822265625,283.8943176269531,219.14332580566406,324.4700012207031,232.5421142578125,76.5434341430664,163.17324829101562,230.2899932861328,156.2998046875
2025-11-19,286.8942565917969,485.102783203125,292.4127502441406,224.15252685546875,318.1099853515625,226.9451904296875,77.55253601074219,164.21124267578125,223.5500030517578,156.07127380371094
2025-11-20,288.753662109375,477.3404846191406,289.05731201171875,209.40316772460938,312.3999938964844,224.44546508789062,74.63404846191406,157.76576232910156,206.02000427246094,152.33566284179688
2025-11-21,295.7537536621094,471.04486083984375,299.25347900390625,197.54603576660156,324.19000244140625,226.17832946777344,75.28700256347656,161.43336486816406,203.77999877929688,158.36630249023438
2025-11-24,302.3958740234375,472.92059326171875,318.14776611328125,199.05674743652344,318.7300109863281,225.88954162597656,75.42549896240234,163.17324829101562,215.0500030517578,160.2142333984375
2025-11-25,302.75384521484375,475.90374755859375,323.0011901855469,195.82659912109375,319.54998779296875,233.15957641601562,75.50464630126953,161.43336486816406,206.1300048828125,160.72093200683594
2025-11-26,301.49102783203125,484.3943786621094,319.5159606933594,203.7081756591797,317.5199890136719,227.21405029296875,75.25731658935547,163.2523193359375,214.24000549316406,164.27772521972656
2025-11-28,306.8305969238281,490.88958740234375,319.7456359863281,200.71653747558594,320.1300048828125,229.59425354003906,76.11802673339844,166.16859436035156,217.52999877929688,167.1787872314453
2025-12-01,303.9371032714844,485.6315612792969,314.46282958984375,199.7127227783203,322.8500061035156,231.8748779296875,75.2276382446289,166.11917114257812,219.75999450683594,167.0695037841797
2025-12-02,300.06915283203125,488.8841552734375,315.38153076171875,199.8717498779297,322.80999755859375,233.74717712402344,76.04877471923828,168.748779296875,215.24000549316406,174.12344360351562
2025-12-03,300.9043884277344,476.64208984375,319.19635009765625,206.46124267578125,326.7799987792969,237.74070739746094,76.91936492919922,173.06883239746094,217.60000610351562,181.41586303710938
2025-12-04,306.2439270019531,479.7449951171875,317.1890869140625,213.0209503173828,328.7300109863281,246.44485473632812,76.92926025390625,173.2377471923828,215.97999572753906,178.95193481445312
2025-12-05,306.1942443847656,482.0597229003906,320.8341064453125,216.25108337402344,346.260009765625,259.5010681152344,77.13702392578125,173.69479370117188,217.97000122070312,181.35623168945312
2025-12-08,307.42718505859375,489.9018249511719,313.49932861328125,219.1929931640625,339.1199951171875,258.46533203125,78.01750946044922,174.1916046142578,221.11000061035156,179.76661682128906
2025-12-09,308.7198486328125,490.8995361328125,316.85693359375,220.1769561767578,344.32000732421875,259.94921875,78.66057586669922,174.87721252441406,221.6199951171875,178.3558349609375
2025-12-10,310.8974304199219,477.4701843261719,319.9847412109375,221.64791870117188,343.1300048828125,263.1161804199219,79.39266204833984,181.047607421875,221.4199981689453,180.49188232421875
2025-12-11,308.9783630371094,482.3690185546875,312.210205078125,197.635498046875,350.42999267578125,261.2737731933594,78.42312622070312,180.1136016845703,221.42999267578125,180.49188232421875
2025-12-12,307.4868469238281,477.4402770996094,309.07244873046875,188.80972290039062,356.42999267578125,261.154296875,76.96884155273438,177.152587890625,210.77999877929688,178.2564697265625
2025-12-15,306.91015625,473.73870849609375,308.003173828125,183.79055786132812,351.1499938964844,253.53564453125,77.41403198242188,178.1164093017578,207.5800018310547,176.8158721923828
2025-12-16,301.4612121582031,475.3051452636719,306.3543395996094,187.49777221679688,347.8900146484375,253.86428833007812,76.72151184082031,174.99644470214844,209.1699981689453,176.40853881835938
2025-12-17,301.6004333496094,475.0357360839844,296.5112609863281,177.37002563476562,354.6600036621094,257.0810546875,75.18806457519531,171.2405548095703,198.11000061035156,173.3584442138672
2025-12-18,298.7467041015625,482.87786865234375,302.2472229003906,178.930419921875,355.80999755859375,257.20672607421875,76.12791442871094,173.07876586914062,201.05999755859375,175.04742431640625
2025-12-19,299.2737121582031,484.8134460449219,306.9439392089844,190.79751586914062,355.8599853515625,259.2615966796875,77.58220672607422,174.13198852539062,213.42999267578125,175.14675903320312
2025-12-22,301.07342529296875,483.81573486328125,309.56207275390625,197.16836547851562,357.5299987792969,263.9698181152344,77.27552032470703,173.1085662841797,214.9499969482422,177.66036987304688
2025-12-23,302.0578308105469,485.7413330078125,314.1288757324219,194.14691162109375,352.4200134277344,262.7727966308594,77.18648529052734,173.6351776123047,214.89999389648438,175.93165588378906
2025-12-24,302.8334045410156,486.90863037109375,313.8690490722656,196.28379821777344,352.9800109863281,264.5982666015625,77.18648529052734,173.65505981445312,215.0399932861328,175.9813232421875
2025-12-26,303.3603820800781,486.599365234375,313.2894592285156,196.78074645996094,353.79998779296875,265.4161682128906,77.32498931884766,173.69479370117188,214.99000549316406,175.7329559326172
2025-12-29,304.0066833496094,485.9907531738281,313.33941650390625,194.18667602539062,353.1600036621094,265.5658264160156,76.95894622802734,172.32359313964844,215.61000061035156,174.5506591796875
2025-12-30,300.3376159667969,486.3699035644531,313.6292419433594,196.00550842285156,352.510009765625,265.2566223144531,76.5830078125,172.5421905517578,215.33999633789062,174.28240966796875
2025-12-31,294.5307312011719,482.5186767578125,312.7798156738281,193.71954345703125,349.989990234375,264.2491149902344,76.20706176757812,169.9587860107422,214.16000366210938,172.36492919921875
2026-01-02,289.8474426269531,471.8630065917969,314.9283142089844,194.51467895507812,333.29998779296875,252.98727416992188,75.63018798828125,171.87646484375,223.47000122070312,176.36880493164062
2026-01-05,293.2977600097656,471.773193359375,316.3173522949219,191.41371154785156,331.55999755859375,255.62069702148438,75.17266845703125,175.1852264404297,221.0800018310547,176.02105712890625
2026-01-06,300.7552490234375,477.4203186035156,314.1188659667969,192.56663513183594,335.989990234375,262.2441101074219,74.82455444335938,181.2860565185547,214.35000610351562,190.854248046875
2026-01-07,295.04779052734375,482.3690185546875,321.7535095214844,191.6621856689453,338.1000061035156,265.4560852050781,74.31729888916016,179.0404815673828,210.02000427246094,184.5056915283203
2026-01-08,301.0038146972656,477.0212097167969,325.2110595703125,188.49166870117188,339.0400085449219,259.8800354003906,73.56139373779297,180.7097625732422,204.67999267578125,187.2279052734375
2026-01-09,302.4953308105469,478.1885681152344,328.3388671875,197.82907104492188,333.95001220703125,259.29150390625,73.48182678222656,176.64585876464844,203.1699981689453,189.0758514404297
2026-01-12,310.4101867675781,476.09332275390625,331.62652587890625,203.96762084960938,327.6499938964844,258.75286865234375,73.61112976074219,168.19015502929688,207.69000244140625,187.84390258789062
2026-01-13,301.44134521484375,469.5981750488281,335.7336730957031,201.5859375,309.92999267578125,240.4586181640625,75.06326293945312,164.23553466796875,220.97000122070312,187.30738830566406
2026-01-14,307.2780456542969,458.3338928222656,335.603759765625,192.9361572265625,304.44000244140625,238.9723358154297,74.00897216796875,163.4903106689453,223.60000610351562,192.19549560546875
2026-01-15,296.2608947753906,455.6200866699219,332.5458984375,189.18923950195312,304.0899963378906,232.94740295410156,74.84444427490234,160.36041259765625,227.9199981689453,187.89356994628906
2026-01-16,303.9371032714844,458.8127746582031,329.7678527832031,190.4249267578125,296.1199951171875,226.5434112548828,74.7847671508789,158.40298461914062,231.8300018310547,190.33761596679688
2026-01-20,289.69830322265625,453.48492431640625,321.77349853515625,179.29379272460938,290.3699951171875,219.52098083496094,72.95468139648438,153.0871124267578,231.9199981689453,188.3605194091797
2026-01-21,295.85321044921875,443.0986328125,328.1490173339844,173.2748260498047,294.2300109863281,221.0272216796875,73.29285430908203,155.3724365234375,249.8000030517578,193.14927673339844
2026-01-22,292.9994812011719,450.1126403808594,330.3074951171875,177.55984497070312,299.7300109863281,227.52096557617188,73.92940521240234,156.79331970214844,253.72999572753906,193.7255096435547
2026-01-23,290.7821044921875,464.888916015625,327.6993103027344,176.5434112548828,301.07000732421875,227.4810791015625,74.18799591064453,154.82595825195312,259.67999267578125,192.056396484375
2026-01-26,294.6500244140625,469.20904541015625,333.02557373046875,181.80503845214844,304.7200012207031,228.82769775390625,76.59496307373047,153.53424072265625,251.30999755859375,195.31512451171875
2026-01-27,292.19403076171875,479.485595703125,334.31463623046875,174.291259765625,297.4200134277344,227.95986938476562,78.2559585571289,152.0636749267578,252.02999877929688,195.35487365722656
2026-01-28,292.49237060546875,480.533203125,335.7736511230469,172.19857788085938,299.5799865722656,227.39129638671875,78.5344467163086,151.72584533691406,252.74000549316406,214.76815795898438
2026-01-29,307.4868469238281,432.5128173828125,338.0120544433594,168.42176818847656,291.6499938964844,213.54592895507812,78.00730895996094,151.24891662597656,252.17999267578125,217.5500030517578
2026-01-30,304.9612731933594,429.31011962890625,337.7622375488281,164.00718688964844,293.25,211.7603759765625,77.89789581298828,150.6229248046875,236.72999572753906,215.5500030517578
2026-02-02,312.94573974609375,422.4058837890625,343.4482421875,159.50291442871094,293.3800048828125,210.28407287597656,80.20539093017578,151.6463623046875,246.27000427246094,225.00999450683594
2026-02-03,292.6415100097656,410.2735595703125,339.47100830078125,154.13168334960938,271.92999267578125,195.8900909423828,82.6620864868164,146.24105834960938,242.11000061035156,225.2100067138672
2026-02-04,287.41131591796875,413.2467956542969,332.80572509765625,146.15951538085938,279.7099914550781,198.94244384765625,80.72259521484375,147.94015502929688,200.19000244140625,222.9199981689453
2026-02-05,288.24658203125,392.7735290527344,331.0169677734375,136.00498962402344,269.3900146484375,189.49607849121094,81.91612243652344,135.43048095703125,192.5,223.97999572753906
2026-02-06,297.23529052734375,400.22650146484375,322.63287353515625,142.32293701171875,268.3800048828125,190.8726348876953,84.36286926269531,136.46383666992188,208.44000244140625,221.44000244140625
2026-02-09,294.6600036621094,412.65814208984375,324.09185791015625,156.0449981689453,266.8999938964844,193.5459442138672,86.31230163574219,138.04368591308594,216.0,218.77000427246094
2026-02-10,291.760009765625,412.328857421875,318.3558654785156,159.33351135253906,264.6700134277344,192.96739196777344,85.82494354248047,139.1962890625,213.57000732421875,220.9199981689453
2026-02-11,272.80999755859375,403.4491271972656,310.7412414550781,156.61302185058594,257.1600036621094,184.53846740722656,85.07898712158203,140.14022827148438,213.5800018310547,226.55999755859375
2026-02-12,259.5199890136719,400.9248962402344,308.7826232910156,155.9353790283203,262.5,184.96739196777344,74.59579467773438,137.58663940429688,205.94000244140625,223.0
2026-02-13,262.3800048828125,400.4060974121094,305.50494384765625,159.5826416015625,263.9700012207031,189.2467041015625,76.43582153320312,139.80239868164062,207.32000732421875,226.16000366210938
2026-02-17,258.30999755859375,395.95623779296875,301.8075256347656,153.43411254882812,260.45001220703125,183.83023071289062,76.43582153320312,141.7200927734375,203.0800018310547,225.69000244140625
2026-02-18,260.7900085449219,398.69000244140625,303.1166076660156,155.62646484375,263.1700134277344,187.32150268554688,77.75865173339844,142.32620239257812,200.1199951171875,223.32000732421875
2026-02-19,256.2799987792969,398.4599914550781,302.636962890625,155.9951629638672,259.2099914550781,184.82774353027344,78.13660430908203,140.3687744140625,203.3699951171875,218.0500030517578
2026-02-20,257.1600036621094,397.2300109863281,314.7584228515625,147.5646209716797,258.6099853515625,184.6980743408203,78.77315521240234,141.968505859375,200.14999389648438,219.72999572753906
2026-02-23,223.35000610351562,384.4700012207031,311.2708740234375,140.81817626953125,246.67999267578125,177.71554565429688,77.3210220336914,139.51426696777344,196.60000610351562,219.86000061035156
2026-02-24,229.32000732421875,389.0,310.6813049316406,145.63136291503906,255.1699981689453,184.95742797851562,77.71886444091797,143.85638427734375,213.83999633789062,213.35000610351562
2026-02-25,237.5399932861328,400.6000061035156,312.67987060546875,147.37527465820312,257.80999755859375,191.27163696289062,78.69358825683594,144.88975524902344,210.86000061035156,213.89999389648438
2026-02-26,242.00999450683594,401.7200012207031,307.1637878417969,149.78684997558594,259.0400085449219,198.9723663330078,77.67908477783203,144.6612091064453,203.67999267578125,212.6300048828125
2026-02-27,240.2100067138672,392.739990234375,311.54071044921875,144.89393615722656,262.4100036621094,194.30404663085938,79.03175354003906,141.45181274414062,200.2100067138672,212.11000061035156
2026-03-02,239.3699951171875,398.54998779296875,306.3043518066406,148.7305450439453,260.8800048828125,192.4686279296875,78.9919662475586,140.1302947998047,198.6199951171875,209.82000732421875
2026-03-03,245.27999877929688,403.92999267578125,303.3664245605469,148.4913787841797,270.989990234375,195.5609130859375,78.5344467163086,137.24880981445312,190.9499969482422,202.6699981689453
2026-03-04,250.05999755859375,405.20001220703125,302.9167785644531,151.8396759033203,273.1199951171875,192.5983123779297,80.43415832519531,138.6199951171875,202.07000732421875,202.38999938964844
2026-03-05,256.54998779296875,410.67999267578125,300.6683349609375,154.25125122070312,281.739990234375,200.88758850097656,79.57878875732422,137.0,199.4499969482422,197.97999572753906
2026-03-06,258.8500061035156,408.9599914550781,298.30999755859375,152.42764282226562,283.6199951171875,201.6057891845703,78.21617126464844,135.69000244140625,192.42999267578125,193.22999572753906
2026-03-09,253.3300018310547,409.4100036621094,306.3599853515625,151.03250122070312,282.44000244140625,198.2940673828125,75.79927062988281,138.11000061035156,202.67999267578125,196.1999969482422
2026-03-10,250.1999969482422,405.760009765625,307.0400085449219,148.88002014160156,275.1300048828125,194.4237518310547,77.28123474121094,135.1999969482422,203.22999572753906,197.4600067138672
2026-03-11,248.8699951171875,404.8800048828125,308.70001220703125,162.55226135253906,273.7099914550781,193.6457061767578,77.67908477783203,134.1199951171875,204.8300018310547,198.6699981689453
2026-03-12,247.67999267578125,401.8599853515625,303.54998779296875,158.60606384277344,269.7799987792969,198.7828369140625,77.3210220336914,131.14999389648438,197.74000549316406,190.0500030517578
2026-03-13,246.27999877929688,395.54998779296875,302.2799987792969,154.5701446533203,249.32000732421875,192.34893798828125,77.90784454345703,129.82000732421875,193.38999938964844,190.77999877929688
2026-03-16,249.25,399.95001220703125,305.55999755859375,155.42715454101562,251.86000061035156,197.84518432617188,78.47477722167969,129.38999938964844,196.5800018310547,194.1300048828125
2026-03-17,256.1099853515625,399.4100036621094,310.9200134277344,154.151611328125,254.1999969482422,194.82275390625,78.8427734375,131.58999633789062,196.30999755859375,194.4499969482422
2026-03-18,251.60000610351562,391.7900085449219,307.69000244140625,152.36782836914062,246.0,193.85516357421875,77.18177795410156,130.47000122070312,199.4600067138672,190.77999877929688
2026-03-19,250.3699951171875,389.0199890136719,307.1300048828125,154.97872924804688,245.99000549316406,194.50355529785156,78.08687591552734,131.27999877929688,205.27000427246094,188.2899932861328
2026-03-20,241.77000427246094,381.8699951171875,301.0,149.15904235839844,248.14999389648438,194.892578125,77.23151397705078,129.89999389648438,201.3300018310547,187.19000244140625
2026-03-23,248.44000244140625,383.0,302.05999755859375,153.80282592773438,247.63999938964844,194.6930694580078,78.39520263671875,128.35000610351562,202.67999267578125,188.6300048828125
2026-03-24,240.58999633789062,372.739990234375,290.44000244140625,146.57806396484375,238.8699951171875,182.56341552734375,80.42420959472656,128.6699981689453,205.3699951171875,194.6300048828125
2026-03-25,241.38999938964844,371.0400085449219,290.92999267578125,145.5117950439453,237.25,181.5060577392578,81.38898468017578,130.35000610351562,220.27000427246094,196.77000427246094
2026-03-26,241.6699981689453,365.9700012207031,280.9200134277344,142.31295776367188,240.8800048828125,185.1768798828125,81.71720886230469,130.5399932861328,203.77000427246094,193.41000366210938
2026-03-27,236.33999633789062,356.7699890136719,274.3399963378906,139.17391967773438,234.83999633789062,178.8626708984375,79.48927307128906,127.11000061035156,201.99000549316406,190.3300018310547
2026-03-30,237.25,358.9599914550781,273.5,138.31692504882812,241.1300048828125,184.56838989257812,76.62479400634766,127.06999969482422,196.0399932861328,186.4199981689453
2026-03-31,242.38999938964844,370.1700134277344,287.55999755859375,146.59799194335938,243.0800018310547,186.2042999267578,77.17182922363281,128.77999877929688,203.42999267578125,194.13999938964844
2026-04-01,243.13999938964844,369.3699951171875,297.3900146484375,144.7245330810547,241.3699951171875,185.77537536621094,77.51000213623047,127.27999877929688,210.2100067138672,196.3000030517578
2026-04-02,248.16000366210938,373.4599914550781,295.7699890136719,145.87054443359375,242.9199981689453,186.71302795410156,79.0199966430664,126.80000305175781,217.5,194.8699951171875
2026-04-06,246.74000549316406,372.8800048828125,299.989990234375,145.033447265625,244.36000061035156,184.56838989257812,80.44000244140625,125.7300033569336,220.17999267578125,199.4199981689453
2026-04-07,245.07000732421875,372.2900085449219,305.4599914550781,142.6717071533203,240.13999938964844,182.50357055664062,80.68000030517578,124.06999969482422,221.52999877929688,199.74000549316406
2026-04-08,241.74000549316406,374.3299865722656,317.32000732421875,143.16000366210938,239.30999755859375,175.92999267578125,83.69999694824219,127.51000213623047,231.82000732421875,208.89999389648438
2026-04-09,237.17999267578125,373.07000732421875,318.489990234375,137.86000061035156,229.94000244140625,170.85000610351562,83.16999816894531,127.75,236.63999938964844,214.97999572753906
2026-04-10,230.75999450683594,370.8699951171875,317.239990234375,138.08999633789062,225.35000610351562,164.9600067138672,82.22000122070312,128.05999755859375,245.0399932861328,214.72999572753906
2026-04-13,237.82000732421875,384.3699951171875,321.30999755859375,155.6199951171875,240.11000061035156,172.82000732421875,82.3499984741211,131.24000549316406,246.8300018310547,216.7100067138672
2026-04-14,240.27000427246094,393.1099853515625,332.9100036621094,163.0,235.72000122070312,171.30999755859375,82.61000061035156,132.83999633789062,255.07000732421875,218.8699951171875
2026-04-15,244.8000030517578,411.2200012207031,337.1199951171875,169.80999755859375,244.66000366210938,177.60000610351562,82.36000061035156,133.0500030517578,258.1199951171875,216.2899932861328
2026-04-16,251.0,420.260009765625,336.0199890136719,178.33999633789062,248.16000366210938,181.22000122070312,84.5,134.47000122070312,278.260009765625,223.10000610351562
2026-04-17,253.47000122070312,422.7900085449219,341.67999267578125,175.05999755859375,244.4499969482422,182.13999938964844,86.25,136.1999969482422,278.3900146484375,229.82000732421875
2026-04-20,253.7100067138672,418.07000732421875,337.4200134277344,177.5800018310547,248.6300048828125,186.27000427246094,87.70999908447266,137.52000427246094,274.95001220703125,233.6999969482422
2026-04-21,255.6999969482422,425.7300109863281,336.91949462890625,183.6750030517578,249.6199951171875,189.76499938964844,88.9800033569336,137.00999450683594,282.40008544921875,232.07000732421875
