date,AAPL,MSFT,NVDA,GOOGL,AMZN,META,AVGO,JPM,LLY,XOM
2024-04-22,164.3443145751953,394.8988037109375,79.47314453125,154.99893188476562,177.22999572753906,478.4862365722656,119.99488067626953,181.5852813720703,721.2686767578125,112.74950408935547
2024-04-23,165.39476013183594,401.4089050292969,82.37651824951172,156.96270751953125,179.5399932861328,492.75946044921875,122.41838073730469,184.2025146484375,735.43115234375,113.18904876708984
2024-04-24,167.4956512451172,402.8763732910156,79.63206481933594,157.82557678222656,176.58999633789062,490.17694091796875,123.16609954833984,185.1036834716797,722.1268310546875,113.207763671875
2024-04-25,168.35780334472656,393.00787353515625,82.58538818359375,154.7212371826172,173.6699981689453,438.407958984375,126.85083770751953,185.38169860839844,714.8976440429688,113.46961975097656
2024-04-26,167.7731170654297,400.1778259277344,87.68551635742188,170.54049682617188,179.6199951171875,440.3050842285156,131.71646118164062,185.49676513671875,723.4188232421875,110.31793975830078
2024-04-29,171.93524169921875,396.1693420410156,87.70751953125,164.78802490234375,180.9600067138672,429.7068786621094,131.18234252929688,185.29544067382812,727.0580444335938,111.88910675048828
2024-04-30,168.79380798339844,383.444580078125,86.353271484375,161.44566345214844,175.0,427.2734069824219,127.42414093017578,183.8190460205078,770.3540649414062,110.60785675048828
2024-05-01,167.7731170654297,388.9698181152344,82.99414825439453,162.51681518554688,179.0,436.232666015625,121.79806518554688,183.93409729003906,766.06396484375,108.51298522949219
2024-05-02,171.469482421875,391.8259582519531,85.76859283447266,165.25416564941406,184.72000122070312,438.70587158203125,121.37764739990234,183.7423858642578,745.5106201171875,108.70938110351562
2024-05-03,181.7261505126953,400.5126647949219,88.7389144897461,165.8690948486328,186.2100067138672,448.91668701171875,125.25248718261719,182.6398468017578,724.858642578125,108.48492431640625
2024-05-06,180.0712127685547,407.28863525390625,92.0880355834961,166.72206115722656,188.6999969482422,462.5442199707031,128.4080352783203,184.06829833984375,756.1323852539062,109.18634796142578
2024-05-07,180.75497436523438,403.1521301269531,90.5029296875,169.84620666503906,188.75999450683594,465.0870361328125,127.70244598388672,183.82862854003906,767.06982421875,108.6439208984375
2024-05-08,181.09190368652344,404.333984375,90.36101531982422,167.99156188964844,188.0,469.417724609375,129.88388061523438,187.56753540039062,764.3380126953125,108.6252212524414
2024-05-09,182.9054412841797,406.0871276855469,88.69696044921875,168.56678771972656,189.5,472.21875,127.95330047607422,189.34109497070312,760.9354248046875,110.76686096191406
2024-05-10,181.64515686035156,408.47052001953125,89.8272933959961,167.26754760742188,187.47999572753906,472.99346923828125,130.61199951171875,190.55865478515625,749.5443725585938,110.31793975830078
2024-05-13,184.850341796875,407.4659118652344,90.3480224609375,167.7535400390625,186.57000732421875,464.8586120605469,131.07359313964844,190.52027893066406,747.2759399414062,110.27119445800781
2024-05-14,185.9915313720703,410.2630310058594,91.30447387695312,168.94366455078125,187.07000732421875,468.6726989746094,135.240478515625,193.18545532226562,753.4695434570312,110.94058990478516
2024-05-15,188.26397705078125,417.4360046386719,94.57662963867188,171.0958709716797,185.99000549316406,478.2974853515625,140.74209594726562,193.76065063476562,777.5156860351562,111.79854583740234
2024-05-16,188.38304138183594,415.3738708496094,94.30577850341797,172.75218200683594,183.6300048828125,470.0434875488281,138.38621520996094,194.1057891845703,761.8076782226562,111.129150390625
2024-05-17,188.41281127929688,414.60430908203125,92.42683410644531,174.61680603027344,184.6999969482422,468.73236083984375,136.73593139648438,196.3299560546875,760.701171875,112.79792022705078
2024-05-20,189.57383728027344,419.6658935546875,94.72655487060547,175.46974182128906,183.5399932861328,465.6830139160156,138.5724334716797,187.50042724609375,773.7219848632812,111.8833999633789
2024-05-21,190.873779296875,423.3165283203125,95.33220672607422,176.3921356201172,183.14999389648438,461.5013427734375,137.1190948486328,191.27764892578125,793.4705810546875,111.11029052734375
2024-05-22,189.43490600585938,424.77679443359375,94.89644622802734,174.93418884277344,183.1300048828125,464.6301574707031,136.43701171875,190.11764526367188,793.2136840820312,108.87583923339844
2024-05-23,185.4457550048828,421.3037109375,103.74046325683594,172.12738037109375,181.0500030517578,462.6436462402344,136.53993225097656,188.78504943847656,798.686767578125,107.01849365234375
2024-05-24,188.52197265625,424.42156982421875,106.40894317626953,173.55557250976562,180.75,474.99981689453125,137.96578979492188,192.4185028076172,797.6791381835938,106.93364715576172
2024-05-28,188.53187561035156,424.5794677734375,113.83676147460938,174.95399475097656,182.14999389648438,476.6883850097656,138.4175567626953,191.2584686279297,798.1039428710938,108.29129028320312
2024-05-29,188.82960510253906,423.44482421875,114.7602310180664,174.4580841064453,182.02000427246094,471.165771484375,136.28317260742188,189.9259033203125,801.7296752929688,107.13162994384766
2024-05-30,189.82191467285156,409.1382141113281,110.43767547607422,170.6991729736328,179.32000732421875,463.9050598144531,133.67739868164062,191.0955047607422,805.2169799804688,107.47103881835938
2024-05-31,190.77452087402344,409.5920715332031,109.5711669921875,171.0859832763672,176.44000244140625,463.6865234375,130.1955108642578,194.2592010498047,810.4332885742188,110.55403137207031
2024-06-03,192.54087829589844,408.0035095214844,114.93514251708984,171.75048828125,178.33999633789062,474.2747802734375,129.5438232421875,193.48265075683594,821.2213745117188,107.90473937988281
2024-06-04,192.85842895507812,410.5195007324219,116.37133026123047,172.3654022216797,179.33999633789062,473.7781066894531,130.41799926757812,190.93251037597656,822.5353393554688,106.22652435302734
2024-06-05,194.36676025390625,418.3536071777344,122.37094116210938,173.9721221923828,181.27999877929688,491.72650146484375,138.4803009033203,189.1110076904297,821.7152709960938,106.65080261230469
2024-06-06,192.9874267578125,418.8568115234375,120.92974853515625,175.28131103515625,185.0,490.4351806640625,137.3219451904297,188.77548217773438,827.1785278320312,107.45218658447266
2024-06-07,195.37893676757812,418.1957702636719,120.81981658935547,173.02992248535156,184.3000030517578,489.640625,137.84820556640625,191.6898956298828,839.72509765625,106.30195617675781
2024-06-10,191.63784790039062,422.162109375,121.7213134765625,173.7746124267578,187.05999755859375,499.2156677246094,141.1634521484375,191.36395263671875,854.5538940429688,106.61308288574219
2024-06-11,205.56019592285156,426.907958984375,120.85173797607422,175.37326049804688,187.22999572753906,504.05291748046875,143.17832946777344,186.33084106445312,855.364013671875,105.75511932373047
2024-06-12,211.4347686767578,435.1761779785156,125.13965606689453,176.5349884033203,186.88999938964844,505.41363525390625,146.5572967529297,183.61773681640625,856.8260498046875,104.5860366821289
2024-06-13,212.5957794189453,435.6892395019531,129.54751586914062,173.92355346679688,183.8300018310547,500.7055969238281,164.53799438476562,185.6597442626953,872.66259765625,103.74693298339844
2024-06-14,210.8592071533203,436.666015625,131.8164520263672,175.54202270507812,183.66000366210938,501.2623596191406,170.0308074951172,185.7747802734375,867.8414916992188,102.87012481689453
2024-06-17,215.0071563720703,442.3886413574219,130.91688537597656,175.98886108398438,184.05999755859375,503.71820068359375,179.2259979248047,186.9252166748047,874.322265625,102.16300964355469
2024-06-18,212.64540100097656,440.38568115234375,135.51466369628906,173.8540496826172,182.80999755859375,496.6191711425781,176.64370727539062,188.86175537109375,880.6943359375,103.12467956542969
2024-06-20,208.0707550048828,439.7543029785156,130.7169647216797,175.05551147460938,186.10000610351562,498.8165283203125,169.98377990722656,190.4627685546875,875.2904052734375,105.34971618652344
2024-06-21,205.89759826660156,443.7798156738281,126.50900268554688,178.36199951171875,189.0800018310547,491.9363098144531,162.5427703857422,188.19068908691406,873.2058715820312,104.4257583618164
2024-06-24,206.54258728027344,441.6980285644531,118.05307006835938,177.95489501953125,185.57000732421875,496.04254150390625,156.5291748046875,190.6641082763672,879.3606567382812,107.52760314941406
2024-06-25,207.46548461914062,444.93426513671875,126.02922821044922,182.73094177246094,186.33999633789062,507.6653747558594,155.40647888183594,189.88755798339844,893.6856079101562,107.82930755615234
2024-06-26,211.61338806152344,446.12811279296875,126.33909606933594,182.5819854736328,193.61000061035156,510.1708679199219,156.50852966308594,189.2739715576172,890.3759765625,107.86702728271484
2024-06-27,212.4568634033203,446.80889892578125,123.93025207519531,184.10121154785156,197.85000610351562,516.5739135742188,155.98358154296875,190.94210815429688,898.06201171875,108.32899475097656
2024-06-28,209.00355529785156,440.9876403808594,123.48046112060547,180.8642120361328,193.25,501.322021484375,157.83863830566406,193.9044647216797,894.4462280273438,108.53642272949219
2024-07-01,215.08653259277344,450.6371154785156,124.2400894165039,181.69830322265625,197.1999969482422,501.77935791015625,161.30604553222656,196.9626922607422,903.32763671875,108.38555908203125
2024-07-02,218.57949829101562,453.153076171875,122.61088562011719,183.93240356445312,200.0,506.5716857910156,162.94583129882812,200.20303344726562,895.7601928710938,107.6501693725586
2024-07-03,219.84967041015625,454.62322998046875,128.21817016601562,184.50831604003906,197.58999633789062,507.029052734375,169.99855041503906,200.06884765625,887.254150390625,108.19701385498047
2024-07-05,224.6029052734375,461.3226318359375,125.76936340332031,189.25457763671875,200.0,536.806884765625,167.4513397216797,197.41781616210938,903.5252685546875,106.88648986816406
2024-07-08,226.07156372070312,460.020263671875,128.13819885253906,187.6956329345703,199.2899932861328,526.2777709960938,171.63442993164062,197.78414916992188,906.9139404296875,105.76455688476562
2024-07-09,226.92495727539062,453.4096374511719,131.3166961669922,187.64599609375,199.33999633789062,526.953857421875,170.40060424804688,200.15560913085938,921.2387084960938,104.59547424316406
2024-07-10,231.19195556640625,460.03009033203125,134.84500122070312,189.83045959472656,199.7899932861328,531.6168823242188,171.51939392089844,200.31947326660156,928.4307861328125,105.51942443847656
2024-07-11,225.823486328125,448.6341857910156,127.338623046875,184.26007080078125,195.0500030517578,509.7532958984375,167.71090698242188,199.98207092285156,922.8589477539062,106.77336120605469
2024-07-12,228.7706756591797,447.4994812011719,129.17771911621094,183.76361083984375,194.49000549316406,496.0028076171875,167.19183349609375,197.56243896484375,936.9466552734375,106.7922134399414
2024-07-15,232.60105895996094,447.9040832519531,128.37811279296875,185.21328735351562,192.72000122070312,493.3083190917969,168.52195739746094,202.4884796142578,938.9818725585938,108.62127685546875
2024-07-16,233.01785278320312,443.5232849121094,126.2990951538086,182.6217041015625,193.02000427246094,486.9750061035156,166.5164337158203,205.92996215820312,930.2288208007812,109.40380096435547
2024-07-17,227.1234130859375,437.60333251953125,117.93312072753906,179.74217224121094,187.92999267578125,459.334716796875,153.3429718017578,209.06297302246094,894.6537475585938,110.91230010986328
2024-07-18,222.4595184326172,434.495361328125,121.03163146972656,176.43568420410156,183.75,473.1150817871094,157.8062286376953,202.42098999023438,838.6483154296875,112.00597381591797
2024-07-19,222.5885009765625,431.27886962890625,117.87317657470703,176.4059295654297,183.1300048828125,474.0496826171875,154.68983459472656,202.22821044921875,847.1148071289062,109.43209075927734
2024-07-22,222.2412109375,437.0310974121094,123.48046112060547,180.38760375976562,182.5500030517578,484.59869384765625,158.3370819091797,202.710205078125,855.5120849609375,108.67784118652344
2024-07-23,223.2831268310547,438.9156188964844,122.53092193603516,180.50674438476562,186.41000366210938,485.8812561035156,161.00128173828125,202.75839233398438,867.683349609375,106.92422485351562
2024-07-24,216.86279296875,423.17840576171875,114.19493865966797,171.41139221191406,180.8300018310547,458.61883544921875,148.7814178466797,201.08102416992188,849.4956665039062,108.43270111083984
2024-07-25,215.8208465576172,412.8184509277344,112.22588348388672,166.0991668701172,179.85000610351562,450.8040466308594,146.73658752441406,201.15814208984375,811.2730102539062,110.71430969238281
2024-07-26,216.2872314453125,419.5968017578125,113.00550842285156,165.82113647460938,182.5,463.0234680175781,149.06651306152344,204.59963989257812,794.9030151367188,110.6200180053711
2024-07-29,216.56507873535156,421.037353515625,111.53621673583984,168.3332977294922,183.1999969482422,463.0333557128906,147.6803741455078,203.25967407226562,798.0347900390625,109.46037292480469
2024-07-30,217.1207733154297,417.2781677246094,103.68000030517578,169.0879364013672,181.7100067138672,460.5278625488281,141.0936279296875,207.44345092773438,780.6671142578125,111.4119873046875
2024-07-31,220.37562561035156,412.76910400390625,116.96359252929688,170.32908630371094,186.97999572753906,472.1009521484375,157.9635009765625,205.1394805908203,794.5572509765625,111.80796813964844
2024-08-01,216.68417358398438,411.545654296875,109.1573715209961,169.55459594726562,184.07000732421875,494.8792724609375,144.5344696044922,200.47372436523438,822.3870849609375,110.26175689697266
2024-08-02,218.1726531982422,403.0406799316406,107.21829223632812,165.4835662841797,167.89999389648438,485.3344421386719,141.38858032226562,191.97120666503906,794.7450561523438,110.19577026367188
2024-08-05,207.6639404296875,389.87860107421875,100.40159606933594,158.12586975097656,161.02000427246094,472.9958190917969,139.67799377441406,187.8838348388672,765.8976440429688,108.20642852783203
2024-08-06,205.63958740234375,394.2790832519531,104.19976806640625,157.17263793945312,161.92999267578125,491.2502746582031,141.48684692382812,193.12803649902344,783.6011962890625,107.6313247680664
2024-08-07,208.209716796875,393.1148681640625,98.86234283447266,157.81805419921875,162.77000427246094,486.1099853515625,133.9661865234375,193.1858673095703,762.8152465820312,109.06439971923828
2024-08-08,211.67291259765625,397.31805419921875,104.9194107055664,160.88624572753906,165.8000030517578,506.7009582519531,143.27610778808594,196.71409606933594,835.1016235351562,111.14800262451172
2024-08-09,214.5804443359375,400.6036071777344,104.69952392578125,162.51466369628906,166.94000244140625,514.7941284179688,145.75347900390625,198.39144897460938,880.9116821289062,112.0531005859375
2024-08-12,216.1103973388672,401.383056640625,108.96745300292969,161.1444091796875,166.8000030517578,512.984619140625,146.10740661621094,198.76744079589844,873.6998901367188,112.19451141357422
2024-08-13,219.82598876953125,408.48699951171875,116.08403015136719,163.00120544433594,170.22999572753906,525.502197265625,153.51992797851562,200.45440673828125,897.0839233398438,111.1197280883789
2024-08-14,220.27304077148438,411.29901123046875,118.02310180664062,159.23793029785156,170.10000610351562,523.732421875,155.02407836914062,202.67164611816406,920.4285888671875,112.14737701416016
2024-08-15,223.25344848632812,416.162109375,122.8008041381836,160.16139221191406,177.58999633789062,534.2417602539062,163.32138061523438,203.93447875976562,921.6159057617188,112.84117889404297
2024-08-16,224.57479858398438,413.6317443847656,124.51995849609375,161.80967712402344,177.05999755859375,524.388671875,162.91830444335938,206.26736450195312,912.2569580078125,112.30895233154297
2024-08-19,224.41583251953125,416.6563415527344,129.93736267089844,165.4934844970703,178.22000122070312,526.2380981445312,164.87466430664062,207.69407653808594,911.9503173828125,112.65109252929688
2024-08-20,225.03176879882812,419.8885192871094,127.18868255615234,165.99989318847656,178.8800048828125,523.7026977539062,163.14442443847656,206.79754638671875,939.8091430664062,108.89701080322266
2024-08-21,224.92251586914062,419.23614501953125,128.4380645751953,164.67926025390625,180.11000061035156,532.0841674804688,162.97727966308594,206.8746795654297,941.7877197265625,108.20320892333984
2024-08-22,223.06471252441406,410.7454528808594,123.68036651611328,162.6437530517578,176.1300048828125,528.8727416992188,159.59542846679688,208.8316192626953,943.9642333984375,109.03956604003906
2024-08-23,225.35963439941406,411.9711608886719,129.30764770507812,164.4508819580078,177.0399932861328,524.9653930664062,163.5474853515625,210.4511260986328,942.5494384765625,110.55070495605469
2024-08-26,225.69740295410156,408.70928955078125,126.39905548095703,164.98707580566406,175.5,518.1249389648438,156.9214324951172,211.28016662597656,940.3630981445312,112.91719818115234
2024-08-27,226.5418701171875,409.05523681640625,128.23817443847656,163.5175018310547,173.1199951171875,516.1165161132812,158.66152954101562,212.2537841796875,944.2708740234375,111.84325408935547
2024-08-28,225.0119171142578,405.85272216796875,125.54946899414062,161.70046997070312,170.8000030517578,513.8098754882812,155.5057830810547,213.32382202148438,938.7901000976562,110.74078369140625
2024-08-29,228.29037475585938,408.34356689453125,117.5333251953125,160.6380157470703,172.1199951171875,515.241455078125,154.2769012451172,214.2107391357422,930.1436157226562,112.27092742919922
2024-08-30,227.5055389404297,412.3171081542969,119.3124771118164,162.22671508789062,178.5,518.313720703125,160.0673370361328,216.70750427246094,949.7515869140625,112.0903549194336
2024-09-03,221.31619262695312,404.70611572265625,107.94795227050781,156.24920654296875,176.25,508.8186950683594,150.20692443847656,212.36949157714844,946.2989501953125,109.74287414550781
2024-09-04,219.40870666503906,404.1723937988281,106.1588134765625,155.3456268310547,173.3300018310547,509.7930603027344,151.51443481445312,211.4344024658203,936.1882934570312,108.40280151367188
2024-09-05,220.92874145507812,403.66827392578125,107.15833282470703,156.13006591796875,177.88999938964844,513.889404296875,150.2364044189453,209.79559326171875,902.9872436523438,107.55693054199219
2024-09-06,219.37892150878906,397.05560302734375,102.78044128417969,149.8546600341797,171.38999938964844,497.39471435546875,134.68385314941406,204.81173706054688,893.0546264648438,107.05323028564453
2024-09-09,219.46832275390625,401.02911376953125,106.41868591308594,147.856201171875,175.39999389648438,501.88873291015625,138.4392852783203,209.00511169433594,898.55517578125,109.3056869506836
2024-09-10,218.67355346679688,409.4111022949219,108.04788970947266,147.80648803710938,179.5500030517578,501.88873291015625,145.704345703125,198.1601104736328,891.6102294921875,105.3235092163086
2024-09-11,221.20692443847656,418.14886474609375,116.85365295410156,150.29212951660156,184.52000427246094,508.8882751464844,155.59426879882812,199.76998901367188,911.0401611328125,104.27806854248047
2024-09-12,221.31619262695312,422.0630798339844,119.0927734375,153.8018798828125,187.0,522.5790405273438,161.77792358398438,199.1626739501953,925.01904296875,105.71316528320312
2024-09-13,221.04795837402344,425.611572265625,119.05278015136719,156.5559539794922,186.49000549316406,521.604736328125,164.85499572753906,196.9647674560547,913.8300170898438,105.63712310791016
2024-09-16,214.90830993652344,426.3529052734375,116.73370361328125,157.1525421142578,184.88999938964844,530.7208251953125,161.24705505371094,200.37730407714844,913.6618041992188,107.11975860595703
2024-09-17,215.37521362304688,430.1188659667969,115.54417419433594,158.40528869628906,186.8800048828125,533.746337890625,159.7232666015625,201.71726989746094,896.487548828125,108.51683807373047
2024-09-18,219.249755859375,425.8290100097656,113.32505798339844,158.8924560546875,186.42999267578125,535.368408203125,158.936767578125,200.0592041015625,895.2904052734375,108.89701080322266
2024-09-19,227.37635803222656,433.6179504394531,117.82327270507812,161.2091064453125,189.8699951171875,556.4169311523438,165.13088989257812,202.9029998779297,905.2527465820312,110.24657440185547
2024-09-20,226.71075439453125,430.2374267578125,115.95401000976562,162.6507568359375,191.60000610351562,558.6560668945312,168.76060485839844,203.4910430908203,911.6337890625,109.55278015136719
2024-09-23,224.99205017089844,428.4978332519531,116.21391296386719,160.92074584960938,193.8800048828125,561.701416015625,170.57545471191406,203.8284454345703,908.6954956054688,111.53913116455078
2024-09-24,225.8861846923828,424.2080383300781,120.82208251953125,161.3582305908203,193.9600067138672,560.626708984375,172.449462890625,203.9730224609375,914.5423583984375,111.2445068359375
2024-09-25,224.8927001953125,427.11395263671875,123.46104431152344,160.56283569335938,192.52999877929688,565.5826416015625,173.1201629638672,202.62342834472656,914.6708374023438,109.07759094238281
2024-09-26,226.0352020263672,426.3232421875,123.9908218383789,161.7957000732422,191.16000366210938,565.114990234375,175.655029296875,202.22821044921875,899.5939331054688,107.2052993774414
2024-09-27,226.30343627929688,423.0712585449219,121.35187530517578,163.00869750976562,187.97000122070312,564.6372680664062,170.32887268066406,202.9222869873047,868.4011840820312,110.07551574707031
2024-09-30,231.4794464111328,425.3249206542969,121.3918685913086,164.89781188964844,186.3300018310547,569.6929321289062,170.14146423339844,203.26930236816406,876.4639282226562,111.40608215332031
2024-10-01,224.73377990722656,415.8260498046875,116.95360565185547,166.03125,185.1300048828125,573.7034912109375,165.18023681640625,199.5868377685547,875.0195922851562,113.98165893554688
2024-10-02,225.30003356933594,412.30718994140625,118.80288696289062,164.90774536132812,184.75999450683594,570.0610961914062,168.3266143798828,199.8278350830078,881.5391235351562,115.49279022216797
2024-10-03,224.19725036621094,411.7240295410156,122.80130767822266,164.90774536132812,181.9600067138672,579.9732666015625,169.53977966308594,197.84197998046875,876.078125,116.5002212524414
2024-10-04,225.31988525390625,411.24957275390625,124.8704833984375,166.10084533691406,186.50999450683594,593.0801391601562,174.224853515625,204.8641357421875,877.6708984375,118.63862609863281
2024-10-07,220.2432403564453,404.8049621582031,127.66937255859375,162.04428100585938,180.8000030517578,581.9737548828125,172.68618774414062,204.5828399658203,888.7907104492188,119.15184020996094
2024-10-08,224.29661560058594,409.9151916503906,132.83731079101562,163.43624877929688,182.72000122070312,590.0447998046875,178.25892639160156,204.40826416015625,903.94677734375,115.98699951171875
2024-10-09,228.04200744628906,412.63336181640625,132.597412109375,160.9307098388672,185.1699981689453,587.6762084960938,183.40756225585938,206.99790954589844,909.9024047851562,116.0345230102539
2024-10-10,227.5452880859375,411.03204345703125,134.75656127929688,161.14944458007812,186.64999389648438,581.0282592773438,183.15110778808594,206.4353790283203,900.9492797851562,117.03244018554688
2024-10-11,226.06500244140625,411.506591796875,134.74656677246094,162.30279541015625,188.82000732421875,587.1189575195312,178.99867248535156,215.60101318359375,922.0906982421875,117.47913360595703
2024-10-14,229.79051208496094,414.2939758300781,138.01527404785156,164.0128936767578,187.5399932861328,587.5866088867188,179.81732177734375,214.8153839111328,919.5679931640625,117.92582702636719
2024-10-15,232.3238983154297,413.8985290527344,131.54783630371094,164.51004028320312,187.69000244140625,583.4564819335938,173.5738983154297,215.69801330566406,903.5511474609375,114.38082122802734
2024-10-16,230.2673797607422,411.3088684082031,135.66619873046875,164.21176147460938,186.88999938964844,574.02197265625,174.4023895263672,216.910400390625,906.6179809570312,114.67546081542969
2024-10-17,230.63497924804688,411.9019470214844,136.87571716308594,161.9945526123047,187.52999877929688,574.1613159179688,179.04798889160156,217.66690063476562,907.310546875,114.38082122802734
2024-10-18,233.4663543701172,413.3253173828125,137.94529724121094,162.4817352294922,188.99000549316406,573.7034912109375,177.43043518066406,218.58831787109375,908.1513671875,114.05768585205078
2024-10-21,234.93670654296875,413.9381103515625,143.6530303955078,163.1280059814453,189.07000732421875,572.39990234375,177.52903747558594,216.28964233398438,896.4381103515625,114.12422180175781
2024-10-22,234.32078552246094,422.5672302246094,143.5330810546875,164.19186401367188,189.6999969482422,579.2169799804688,176.92739868164062,217.3759307861328,899.4257202148438,114.71346282958984
2024-10-23,229.25405883789062,419.6908264160156,139.50466918945312,161.84542846679688,184.7100067138672,560.98486328125,171.1376495361328,216.6873321533203,893.5888061523438,114.30479431152344
2024-10-24,229.06532287597656,419.8193054199219,140.35433959960938,161.78575134277344,186.3800048828125,565.0552978515625,169.00717163085938,218.21006774902344,881.7864990234375,113.65852355957031
2024-10-25,229.89979553222656,423.19976806640625,141.48388671875,164.3211212158203,187.8300018310547,570.4989624023438,170.63461303710938,215.6204071044922,883.1517333984375,113.5634765625
2024-10-28,231.87681579589844,421.6578063964844,140.46429443359375,165.76280212402344,188.38999938964844,575.3854370117188,169.66799926757812,218.7144012451172,886.0108032226562,113.00274658203125
2024-10-29,232.1450653076172,426.95587158203125,141.19400024414062,168.70579528808594,190.8300018310547,590.4329223632812,176.789306640625,216.19264221191406,893.9153442382812,111.46308135986328
2024-10-30,228.5983428955078,427.5291442871094,139.28475952148438,173.4583740234375,192.72999572753906,588.9599609375,174.224853515625,217.6572265625,837.7723388671875,110.90235900878906
2024-10-31,224.4357147216797,401.65185546875,132.70736694335938,170.12759399414062,186.39999389648438,564.856201171875,167.44879150390625,215.24215698242188,820.8650512695312,110.9878921508789
2024-11-01,221.45529174804688,405.6253967285156,135.34632873535156,170.30657958984375,197.92999267578125,564.4381713867188,166.6103973388672,216.23146057128906,810.1707153320312,109.24864959716797
2024-11-04,220.56114196777344,403.7374267578125,135.99607849121094,168.26834106445312,195.77999877929688,557.9893188476562,166.2454833984375,213.16653442382812,797.517578125,112.72712707519531
2024-11-05,221.9917449951172,406.7027587890625,139.8545379638672,168.7654571533203,199.5,569.6829223632812,171.52230834960938,214.8250732421875,797.4383544921875,113.05976104736328
2024-11-06,221.26651000976562,415.3219299316406,145.55227661132812,175.49658203125,207.08999633789062,569.3047485351562,177.0950469970703,239.6256561279297,768.0757446289062,114.99859619140625
2024-11-07,225.9954376220703,420.51123046875,148.8209991455078,179.71224975585938,210.0500030517578,588.8605346679688,181.2967987060547,229.26702880859375,788.9204711914062,115.14115905761719
2024-11-08,225.72691345214844,417.6546325683594,147.5714569091797,177.32603454589844,208.17999267578125,586.5119018554688,181.12913513183594,229.84896850585938,822.6458740234375,115.10313415527344
2024-11-11,223.01174926757812,413.17706298828125,145.20240783691406,179.31454467773438,206.83999633789062,580.3713989257812,176.4638214111328,232.08946228027344,823.5361938476562,114.494873046875
2024-11-12,223.01174926757812,418.1390075683594,148.23118591308594,180.57723999023438,208.91000366210938,582.013427734375,173.8105926513672,232.35133361816406,810.1014404296875,114.38082122802734
2024-11-13,223.89691162109375,420.2839050292969,146.21200561523438,177.85299682617188,214.10000610351562,577.2166137695312,171.20668029785156,233.90318298339844,803.1268310546875,115.44528198242188
2024-11-14,226.98008728027344,421.954345703125,146.7018280029297,174.57191467285156,211.47999572753906,574.3903198242188,168.05043029785156,234.59181213378906,777.8204345703125,115.52193450927734
2024-11-15,223.77757263183594,410.2018127441406,141.9237060546875,171.4996795654297,202.61000061035156,551.4210205078125,162.58616638183594,237.9282989501953,739.4413452148438,114.32416534423828
2024-11-18,226.7811737060547,410.9530334472656,140.0944366455078,174.29354858398438,201.6999969482422,551.739501953125,163.4048309326172,237.65673828125,720.6133422851562,115.28237915039062
2024-11-19,227.03973388671875,412.9595947265625,146.95172119140625,177.09735107421875,204.61000061035156,558.3973999023438,163.08921813964844,235.77508544921875,723.120361328125,113.67257690429688
2024-11-20,227.75584411621094,410.6861572265625,145.83216857910156,174.96963500976562,202.8800048828125,562.8060913085938,161.01792907714844,233.5346221923828,746.5859375,115.2919692993164
2024-11-21,227.27845764160156,408.913330078125,146.6118621826172,166.66758728027344,198.3800048828125,560.3878173828125,161.69850158691406,237.39486694335938,743.1275634765625,116.83467864990234
2024-11-22,228.62110900878906,413.00372314453125,141.8937225341797,163.81405639648438,197.1199951171875,556.4566650390625,161.98452758789062,241.07080078125,741.23486328125,116.70052337646484
2024-11-25,231.6048126220703,414.7765808105469,135.96607971191406,166.68746948242188,201.4499969482422,562.3981323242188,162.5664825439453,242.75848388671875,748.1614990234375,114.95659637451172
2024-11-26,233.78292846679688,423.8883972167969,136.86572265625,168.1490020751953,207.86000061035156,570.7875366210938,162.48757934570312,242.4480743408203,782.1707153320312,113.04016876220703
2024-11-27,233.6536102294922,418.93634033203125,135.28634643554688,168.25839233398438,205.74000549316406,566.4684448242188,157.48687744140625,242.2734832763672,781.0509643554688,112.74312591552734
2024-11-29,236.0405731201172,419.4018249511719,138.19520568847656,167.97999572753906,207.88999938964844,571.5638427734375,159.8639373779297,242.2056121826172,788.1460571289062,113.03059387207031
2024-12-02,238.28829956054688,426.8497619628906,138.57504272460938,170.5054168701172,210.7100067138672,589.9850463867188,164.2333526611328,238.8400421142578,792.5557861328125,112.92518615722656
2024-12-03,241.33169555664062,427.0676574707031,140.20440673828125,170.3562774658203,213.44000244140625,610.7051391601562,165.85092163085938,237.4530792236328,805.9632568359375,112.75270080566406
2024-12-04,241.68972778320312,433.22808837890625,145.0824737548828,173.36888122558594,218.16000366210938,610.8345336914062,168.22799682617188,236.07577514648438,822.32373046875,109.5043716430664
2024-12-05,241.7195587158203,438.378173828125,145.0124969482422,171.6488037109375,220.5500030517578,606.0078125,168.1392059326172,238.09320068359375,818.1419067382812,109.98346710205078
2024-12-06,241.52064514160156,439.3191223144531,142.3933563232422,173.7069091796875,227.02999877929688,620.7765502929688,177.07534790039062,239.91664123535156,819.2220458984375,108.82404327392578
2024-12-09,245.40939331054688,441.74560546875,138.76454162597656,174.56295776367188,226.08999633789062,610.6255493164062,176.49339294433594,236.47344970703125,796.3015747070312,108.1820297241211
2024-12-10,246.42385864257812,439.0814208984375,135.0257568359375,184.31785583496094,225.0399932861328,616.347900390625,169.4608917236328,235.55203247070312,792.3377685546875,107.96163940429688
2024-12-11,245.15081787109375,444.68719482421875,139.26437377929688,194.5007781982422,230.25999450683594,629.643798828125,180.69515991210938,236.20188903808594,788.8199462890625,107.24299621582031
2024-12-12,246.61282348632812,445.251708984375,137.2949981689453,191.0766143798828,228.97000122070312,627.7628173828125,178.1898956298828,234.2620391845703,775.2637939453125,107.14716339111328
2024-12-13,246.7819061279297,442.9836120605469,134.20602416992188,188.9464874267578,227.4600067138672,617.3729248046875,221.7263641357422,232.7198944091797,781.9725341796875,106.20812225341797
2024-12-16,249.6760711669922,447.2622375488281,131.95675659179688,195.75498962402344,232.92999267578125,621.7454223632812,246.58181762695312,232.37071228027344,771.9441528320312,103.93717193603516
2024-12-17,252.1028289794922,450.104736328125,130.3472900390625,194.52069091796875,231.14999389648438,616.964599609375,236.94541931152344,231.18743896484375,771.567626953125,103.49639129638672
2024-12-18,246.7023468017578,433.1983337402344,128.86778259277344,187.5330047607422,220.52000427246094,594.8035278320312,220.5625,223.43788146972656,757.7836303710938,101.97282409667969
2024-12-19,248.43287658691406,432.8417663574219,130.63719177246094,187.64247131347656,223.2899932861328,593.1900024414062,215.3349609375,225.949951171875,750.6785278320312,101.10086059570312
2024-12-20,253.1073455810547,432.4158935546875,134.65586853027344,190.52915954589844,224.9199981689453,582.9112548828125,217.7711639404297,230.4503173828125,760.8060302734375,101.44581604003906
2024-12-23,253.88311767578125,431.078857421875,139.62425231933594,193.7343292236328,225.05999755859375,597.452880859375,229.78720092773438,231.216552734375,789.067626953125,101.85784912109375
2024-12-24,256.7972106933594,435.1197204589844,140.17408752441406,195.20753479003906,229.0500030517578,605.3212890625,237.0363311767578,235.0186004638672,788.4631958007812,101.95366668701172
2024-12-26,257.61273193359375,433.91143798828125,139.88417053222656,194.69989013671875,227.0500030517578,600.9389038085938,242.65367126464844,235.82362365722656,786.9470825195312,102.0398941040039
2024-12-27,254.2013397216797,426.4040832519531,136.96511840820312,191.8729248046875,223.75,597.4130859375,239.08351135253906,233.91287231445312,776.076416015625,102.03031921386719
2024-12-30,250.82977294921875,420.7586975097656,137.4449462890625,190.3599395751953,221.3000030517578,588.877197265625,232.98153686523438,232.1185760498047,766.8309326171875,101.34040832519531
2024-12-31,249.05946350097656,417.4606018066406,134.2460174560547,188.42886352539062,219.38999938964844,583.1702880859375,229.2827911376953,232.496826171875,765.007568359375,103.07476043701172
2025-01-02,242.52517700195312,414.5685729980469,138.2646942138672,188.5582733154297,220.22000122070312,596.8453369140625,229.4212646484375,232.77809143066406,771.0225830078125,102.82563018798828
2025-01-03,242.03782653808594,419.2929382324219,144.4226837158203,190.9073944091797,224.19000244140625,602.2137451171875,229.9849853515625,235.95938110351562,774.8971557617188,103.3526611328125
2025-01-06,243.6688995361328,423.7497863769531,149.3810577392578,195.9640350341797,227.61000061035156,627.681640625,233.80239868164062,234.80902099609375,758.1699829101562,103.2376708984375
2025-01-07,240.89405822753906,418.322265625,140.09410095214844,194.59039306640625,222.11000061035156,615.4208984375,226.11810302734375,237.07080078125,766.2859497070312,104.20545959472656
2025-01-08,241.38140869140625,420.49127197265625,140.06410217285156,193.05746459960938,222.1300048828125,608.2794189453125,226.78070068359375,237.03179931640625,780.0896606445312,102.4615249633789
2025-01-10,235.5631866455078,414.9350891113281,135.86549377441406,191.15623474121094,218.94000244140625,613.3988647460938,221.83587646484375,233.8535614013672,792.6548461914062,102.08781433105469
2025-01-13,233.12649536132812,413.19195556640625,133.18637084960938,190.1309814453125,218.4600067138672,605.8990478515625,222.80503845214844,238.08470153808594,790.2567138671875,104.72289276123047
2025-01-14,232.01258850097656,411.6864929199219,131.71682739257812,188.78721618652344,217.75999450683594,591.8751831054688,222.22154235839844,241.26296997070312,738.1629638671875,105.13493347167969
2025-01-15,236.57763671875,422.2244873046875,136.1953887939453,194.65011596679688,223.35000610351562,614.6538696289062,225.48516845703125,246.0205535888672,739.9763793945312,106.85012817382812
2025-01-16,227.0198516845703,420.51104736328125,133.5262451171875,192.02227783203125,220.66000366210938,608.8570556640625,226.87962341308594,247.8924102783203,750.738037109375,106.6680679321289
2025-01-17,228.7305145263672,424.91845703125,137.66490173339844,195.09800720214844,225.94000244140625,610.3212890625,234.821044921875,252.6597442626953,719.1467895507812,107.62627410888672
2025-01-21,221.4303741455078,424.3935241699219,140.78387451171875,197.13861083984375,230.7100067138672,613.9965209960938,237.65939331054688,256.43267822265625,735.6260986328125,106.8117904663086
2025-01-22,222.61392211914062,441.9239196777344,147.0218505859375,197.45712280273438,235.00999450683594,621.0084228515625,238.2527618408203,256.2474365234375,747.1508178710938,104.95287322998047
2025-01-23,222.4448699951172,442.42901611328125,147.17178344726562,197.0689239501953,235.4199981689453,633.9066772460938,237.6297149658203,259.2794494628906,759.6564331054688,105.54695892333984
2025-01-24,221.5696258544922,439.804443359375,142.5732879638672,199.28868103027344,234.85000610351562,644.9025268554688,242.00094604492188,258.197265625,778.2960815429688,104.11922454833984
2025-01-27,228.6111602783203,430.3954772949219,118.38121032714844,190.9273223876953,235.4199981689453,657.2429809570312,199.90049743652344,259.1819763183594,800.8499145507812,105.56611633300781
2025-01-28,236.9655303955078,442.9143371582031,128.94775390625,194.40126037597656,238.14999389648438,671.6353759765625,205.07281494140625,260.4396057128906,797.6987915039062,103.5251235961914
2025-01-29,238.0595245361328,438.09100341796875,123.65948486328125,194.51077270507812,237.07000732421875,673.78662109375,204.073974609375,259.8936462402344,796.7970581054688,104.1288070678711
2025-01-30,236.29917907714844,411.0130310058594,124.60918426513672,199.94561767578125,234.63999938964844,684.2546997070312,213.28126525878906,261.50225830078125,815.7735595703125,104.9911880493164
2025-01-31,234.71780395507812,411.0823059082031,120.03067016601562,203.0811309814453,237.67999267578125,686.4259033203125,218.82940673828125,260.5955810546875,803.7335815429688,102.36569213867188
2025-02-03,226.7711944580078,406.9820251464844,116.62179565429688,200.303955078125,237.4199981689453,694.6728515625,215.32843017578125,260.1178283691406,803.0895385742188,102.61482238769531
2025-02-04,231.5352020263672,408.4181213378906,118.61112976074219,205.43028259277344,242.05999755859375,701.3759155273438,219.97659301757812,261.21954345703125,818.5878295898438,105.36489868164062
2025-02-05,231.20697021484375,409.3293151855469,124.78911590576172,190.44952392578125,236.1699981689453,702.05322265625,229.4410400390625,263.6470642089844,834.5518798828125,105.28824615478516
2025-02-06,231.95289611816406,411.83502197265625,128.63784790039062,190.71829223632812,238.8300018310547,709.1446533203125,228.80809020996094,269.95477294921875,862.4866333007812,103.8988265991211
2025-02-07,226.39329528808594,405.8232116699219,129.79747009277344,184.48707580566406,229.14999389648438,711.6646728515625,222.38967895507812,268.8823547363281,870.3546752929688,104.33960723876953
2025-02-10,226.66209411621094,408.2695617675781,133.5262451171875,185.6118927001953,233.13999938964844,714.533203125,232.44749450683594,264.2417907714844,861.0100708007812,106.33269500732422
2025-02-11,231.6105499267578,407.4970397949219,132.7565155029297,184.46719360351562,232.75999450683594,716.9235229492188,232.44749450683594,268.0926818847656,857.165283203125,107.00343322753906
2025-02-12,235.8420867919922,405.1200256347656,131.0970458984375,182.7650604248047,228.92999267578125,722.4812622070312,233.74307250976562,268.5411376953125,865.06298828125,103.7840576171875
2025-02-13,240.48187255859375,406.6056213378906,135.24566650390625,185.28341674804688,230.3699951171875,725.6485595703125,233.1991424560547,269.3893127441406,863.9630737304688,104.53814697265625
2025-02-14,243.53855895996094,404.515869140625,138.80453491210938,184.3776092529297,228.67999267578125,733.7261352539062,230.4695587158203,269.652587890625,838.0648803710938,104.64449310302734
2025-02-18,243.40911865234375,405.7142639160156,139.35433959960938,182.92431640625,226.64999389648438,713.5072631835938,226.00930786132812,272.9283142089844,850.89990234375,106.48137664794922
2025-02-19,243.807373046875,410.79510498046875,139.18438720703125,184.41741943359375,226.6300048828125,700.9576416015625,226.20712280273438,272.245849609375,860.6774291992188,106.63606262207031
2025-02-20,244.76321411132812,412.9684753417969,140.06410217285156,183.71067810058594,222.8800048828125,692.0632934570312,224.2390594482422,260.1081237792969,866.7028198242188,108.27958679199219
2025-02-21,244.4844207763672,405.108642578125,134.38595581054688,178.83322143554688,216.5800018310547,680.8184814453125,216.2481689453125,257.6123352050781,867.2587890625,107.01311492919922
2025-02-24,246.0277099609375,400.9306335449219,130.23733520507812,178.42510986328125,212.7100067138672,665.4600219726562,205.63653564453125,254.7850341796875,874.9219360351562,107.57383728027344
2025-02-25,245.9679718017578,394.876953125,126.5885238647461,174.61273193359375,212.8000030517578,654.87255859375,200.3059539794922,250.94387817382812,895.1719970703125,106.08499145507812
2025-02-26,239.31695556640625,396.6930847167969,131.23699951171875,171.9351043701172,214.35000610351562,671.0077514648438,210.59129333496094,252.2990264892578,908.2849731445312,105.82395935058594
2025-02-27,236.27023315429688,389.5477600097656,120.11064910888672,167.72457885742188,208.74000549316406,655.6094970703125,195.61825561523438,252.55245971679688,898.50732421875,106.49104309082031
2025-02-28,240.79052734375,393.973876953125,124.87908172607422,169.4963836669922,212.27999877929688,665.5297241210938,197.23028564453125,258.0120544433594,913.8636474609375,107.63185119628906
2025-03-03,236.9970703125,385.5384521484375,114.02263641357422,166.24142456054688,205.02000427246094,652.4323120117188,185.30331420898438,254.0831298828125,922.8867797851562,104.18043518066406
2025-03-04,234.9061737060547,385.65753173828125,115.9520034790039,170.1334686279297,203.8000030517578,637.4424438476562,185.41209411621094,243.97320556640625,904.364013671875,103.96774291992188
2025-03-05,234.7169952392578,397.9732666015625,117.2615737915039,172.22378540039062,208.36000061035156,653.8466186523438,189.4668731689453,245.2211151123047,922.8867797851562,101.93750762939453
2025-03-06,234.3087921142578,393.87469482421875,110.53378295898438,171.556884765625,200.6999969482422,625.4207153320312,177.47067260742188,240.3562774658203,906.051513671875,104.04508972167969
2025-03-07,238.03256225585938,390.32183837890625,112.65309143066406,173.05990600585938,199.25,623.1597900390625,192.80960083007812,236.20310974121094,863.1888427734375,105.39857482910156
2025-03-10,226.4928436279297,377.2717590332031,106.94496154785156,165.2968292236328,194.5399932861328,595.6002807617188,182.41551208496094,226.3954620361328,823.6615600585938,108.08623504638672
2025-03-11,219.88165283203125,377.5595703125,108.72438049316406,163.47315979003906,196.58999633789062,603.2894897460938,187.99330139160156,223.3927001953125,818.00341796875,105.533935546875
2025-03-12,216.0384063720703,380.3581237792969,115.71273803710938,166.53256225585938,198.88999938964844,617.0841064453125,192.087646484375,222.1837921142578,815.819580078125,105.50492095947266
2025-03-13,208.77008056640625,375.89227294921875,115.55277252197266,162.19757080078125,193.88999938964844,588.2797241210938,189.24928283691406,219.54177856445312,795.7581176757812,105.06021118164062
2025-03-14,212.5635528564453,385.6079406738281,121.6413345336914,164.91815185546875,197.9499969482422,605.7102661132812,193.3831787109375,226.6099090576172,807.5011596679688,108.18292236328125
2025-03-17,213.0713348388672,385.74688720703125,119.50183868408203,163.7222900390625,195.74000549316406,603.0187377929688,192.3546600341797,228.06256103515625,818.6982421875,109.98113250732422
2025-03-18,211.7670440673828,380.6062316894531,115.40280151367188,160.11480712890625,192.82000732421875,580.548828125,186.58897399902344,229.0764617919922,816.4647827148438,109.8651123046875
2025-03-19,214.3059539794922,384.8735656738281,117.49230194091797,163.3236846923828,195.5399932861328,582.2435913085938,193.41287231445312,233.11260986328125,830.8582153320312,111.57632446289062
2025-03-20,213.17092895507812,383.9010009765625,118.50206756591797,162.23745727539062,194.9499969482422,584.1774291992188,189.008544921875,233.01512145996094,836.3773803710938,112.05004119873047
2025-03-21,217.32281494140625,388.2874450683594,117.6722640991211,163.42335510253906,196.2100067138672,594.3955688476562,190.11953735351562,235.56942749023438,831.4140625,111.66332244873047
2025-03-24,219.77212524414062,390.09356689453125,121.38140106201172,167.1005859375,203.25999450683594,616.9253540039062,189.7128448486328,241.83816528320312,858.5432739257812,111.953369140625
2025-03-25,222.77903747558594,392.1578063964844,120.66156768798828,169.9706268310547,205.7100067138672,624.3621826171875,186.74688720703125,244.83114624023438,846.08544921875,112.71710968017578
2025-03-26,220.56866455078125,387.0072326660156,113.73320007324219,164.4896240234375,201.1300048828125,609.079833984375,177.82913208007812,244.73365783691406,820.68359375,114.34130859375
2025-03-27,222.8786163330078,387.612548828125,111.40374755859375,161.67938232421875,201.36000061035156,600.7059936523438,170.607666015625,241.89663696289062,815.630859375,113.97393798828125
2025-03-28,216.9544219970703,375.9220886230469,109.64415740966797,153.79672241210938,192.72000122070312,574.9463500976562,167.76071166992188,236.7588348388672,816.4647827148438,113.81925201416016
2025-03-31,221.1660614013672,372.53802490234375,108.35446166992188,154.10565185546875,190.25999450683594,574.5675048828125,166.08428955078125,239.1473846435547,819.8397827148438,114.97938537597656
2025-04-01,222.22146606445312,379.28631591796875,110.12405395507812,156.52725219726562,192.1699981689453,584.1774291992188,167.16552734375,237.54852294921875,799.311767578125,115.08574676513672
2025-04-02,222.91842651367188,379.2367248535156,110.39398193359375,156.49734497070312,196.00999450683594,582.1138916015625,170.7068328857422,239.6543426513672,812.206298828125,114.72802734375
2025-04-03,202.30824279785156,370.2752990722656,101.7760238647461,150.19918823242188,178.41000366210938,529.966552734375,152.7721405029297,222.95399475097656,783.2904663085938,108.69530487060547
2025-04-04,187.56253051757812,357.10614013671875,94.28778076171875,145.09689331054688,171.0,503.1602478027344,145.11419677734375,206.26849365234375,732.784423828125,100.87403106689453
2025-04-07,180.6725616455078,355.14117431640625,97.61698913574219,146.24290466308594,175.25999450683594,514.6444702148438,152.901123046875,210.34913635253906,718.4107055664062,99.52054595947266
2025-04-08,171.67178344726562,351.86627197265625,96.27731323242188,144.19998168945312,170.66000366210938,508.86248779296875,154.7759246826172,212.73277282714844,720.90234375,97.42262268066406
2025-04-09,197.9871063232422,387.5232849121094,114.30306243896484,158.16159057617188,191.10000610351562,583.9482421875,183.661865234375,229.86949157714844,748.1704711914062,102.2855453491211
2025-04-10,189.5936737060547,378.45269775390625,107.5446548461914,152.29193115234375,181.22000122070312,544.591064453125,170.9151611328125,222.77740478515625,715.6114501953125,96.61053466796875
2025-04-11,197.29013061523438,385.498779296875,110.90386199951172,156.5970001220703,184.8699951171875,541.8795166015625,180.47767639160156,231.69400024414062,727.0270385742188,99.71390533447266
2025-04-14,201.64117431640625,384.8636474609375,110.68391418457031,158.52032470703125,182.1199951171875,529.8270263671875,176.92645263671875,230.24224853515625,748.8057861328125,99.9555892944336
2025-04-15,201.26280212402344,382.7994689941406,112.1735610961914,155.76988220214844,179.58999633789062,519.8980712890625,177.51170349121094,228.68260192871094,751.6149291992188,99.67522430419922
2025-04-16,193.4269561767578,368.7867126464844,104.46538543701172,152.8001708984375,174.3300018310547,500.7477722167969,173.2065887451172,225.22972106933594,729.4987182617188,100.7290267944336
2025-04-17,196.1251983642578,364.98583984375,101.4660873413086,150.63766479492188,172.61000061035156,499.9203796386719,169.6156768798828,227.534912109375,833.78662109375,103.36833953857422
2025-04-21,192.32177734375,356.3916320800781,96.88717651367188,147.15972900390625,167.32000732421875,483.1526794433594,164.87411499023438,224.62155151367188,812.0078125,101.8504867553711
2025-04-22,198.8732452392578,364.0331115722656,98.86670684814453,150.94659423828125,173.17999267578125,498.7240905761719,168.2169952392578,231.09564208984375,821.457763671875,104.70249938964844
2025-04-23,203.71214294433594,371.54559326171875,102.68579864501953,154.81320190429688,180.60000610351562,518.6519775390625,175.48809814453125,236.28472900390625,823.323974609375,103.80339050292969
2025-04-24,207.46578979492188,384.35748291015625,106.40492248535156,158.72959899902344,186.5399932861328,531.4918823242188,186.6377410888672,239.97299194335938,853.4112548828125,105.02153015136719
2025-04-25,208.371826171875,388.87298583984375,110.98385620117188,161.40036010742188,188.99000549316406,545.5679931640625,190.76431274414062,238.90379333496094,878.0389404296875,104.9635238647461
2025-04-28,209.2281036376953,388.1882019042969,108.70438385009766,160.05499267578125,187.6999969482422,548.0302734375,190.9230499267578,238.580078125,870.8421630859375,105.02153015136719
2025-04-29,210.29345703125,391.04632568359375,108.99431610107422,159.60658264160156,187.38999938964844,552.7156982421875,189.63348388671875,239.95338439941406,878.694091796875,104.76051330566406
2025-04-30,211.57785034179688,392.2570495605469,108.89433288574219,158.2512664794922,184.4199981689453,547.2926025390625,190.9230499267578,239.95338439941406,892.3429565429688,102.12118530273438
2025-05-01,212.39430236816406,422.16802978515625,111.58370208740234,160.74264526367188,190.1999969482422,570.430419921875,195.74398803710938,242.1800994873047,788.2635498046875,102.26620483398438
2025-05-02,204.45887756347656,431.9729919433594,114.47303009033203,163.4632110595703,189.97999572753906,595.1632690429688,202.00328063964844,247.69285583496094,817.5665893554688,102.68192291259766
2025-05-05,198.02691650390625,432.8562316894531,113.7931900024414,163.642578125,186.35000610351562,597.40625,199.10671997070312,247.74191284179688,815.4224853515625,99.8395767211914
2025-05-06,197.6485595703125,430.0179443359375,113.51325988769531,162.66595458984375,185.00999450683594,585.4834594726562,198.48179626464844,244.49505615234375,769.423095703125,101.23174285888672
2025-05-07,195.39837646484375,430.0576477050781,117.03242492675781,150.85693359375,188.7100067138672,594.953857421875,203.1638641357422,244.63238525390625,771.0112915039062,101.13507080078125
2025-05-08,196.63299560546875,434.8410339355469,117.34236145019531,153.74688720703125,192.0800018310547,596.150146484375,206.10006713867188,248.63455200195312,745.9270629882812,102.54657745361328
2025-05-09,197.66847229003906,435.3967590332031,116.62252044677734,152.22218322753906,193.05999755859375,590.6473388671875,206.526611328125,248.2519989013672,729.171142578125,103.74536895751953
2025-05-12,210.15049743652344,445.8467712402344,122.97103118896484,157.91246032714844,208.63999938964844,637.4412841796875,219.79905700683594,255.08900451660156,750.0167846679688,105.533935546875
2025-05-13,212.28399658203125,445.72772216796875,129.89938354492188,158.97874450683594,211.3699951171875,653.98974609375,230.5519561767578,257.9925842285156,740.5767211914062,105.82395935058594
2025-05-14,211.68582153320312,449.4988098144531,135.30810546875,164.79855346679688,210.25,657.309326171875,230.2543487548828,260.5724182128906,710.3009033203125,104.87652587890625
2025-05-15,210.80850219726562,450.5129089355469,134.79823303222656,163.39344787597656,205.1699981689453,641.8775024414062,230.77017211914062,262.3870849609375,727.9005737304688,105.94001770019531
2025-05-16,210.6190643310547,451.6463623046875,135.36810302734375,165.61572265625,205.58999633789062,638.3485107421875,226.77256774902344,262.45574951171875,753.364501953125,105.55950927734375
2025-05-19,208.14659118652344,456.2197570800781,135.53805541992188,165.96450805664062,206.16000366210938,638.438232421875,228.77633666992188,259.8268737792969,751.0965576171875,103.88131713867188
2025-05-20,206.232421875,455.5238342285156,134.3483428955078,163.41336059570312,204.07000732421875,635.1185913085938,229.81788635253906,260.6116027832031,743.0396728515625,102.39826965332031
2025-05-21,201.4768829345703,449.9561462402344,131.76895141601562,167.9775390625,201.1199951171875,633.5235595703125,227.88356018066406,256.0601501464844,721.096923828125,101.13964080810547
2025-05-22,200.74908447265625,452.2329406738281,132.7987060546875,170.27955627441406,203.10000610351562,634.5902099609375,228.67713928222656,255.69723510742188,711.3987426757812,100.46641540527344
2025-05-23,194.67759704589844,447.5799560546875,131.25906372070312,167.88784790039062,200.99000549316406,625.1097412109375,226.88168334960938,255.73641967773438,709.9166259765625,100.52495574951172
2025-05-27,199.60260009765625,458.02923583984375,135.4680633544922,172.30255126953125,206.02000427246094,640.3223876953125,233.7559814453125,260.22906494140625,721.365478515625,101.00303649902344
2025-05-28,199.81195068359375,454.7184753417969,134.7782440185547,171.764404296875,204.72000122070312,641.5784301757812,237.50558471679688,258.4634094238281,715.5665283203125,99.62732696533203
2025-05-29,199.3433837890625,456.0308837890625,139.15721130371094,171.26614379882812,205.6999969482422,643.0438842773438,240.0251922607422,259.3265686035156,718.7295532226562,100.19322967529297
2025-05-30,200.24066162109375,457.7011413574219,135.09817504882812,171.1465606689453,205.00999450683594,645.476318359375,240.1243896484375,258.96368408203125,733.7492065429688,99.81271362304688
2025-06-02,201.08807373046875,459.3018798828125,137.34764099121094,168.44593811035156,206.64999389648438,668.8134765625,246.7110137939453,259.6110534667969,743.1490478515625,100.54447174072266
2025-06-03,202.65330505371094,460.29608154296875,141.1867218017578,165.6057586669922,205.7100067138672,664.7760009765625,254.7855987548828,261.1903381347656,746.7896118164062,101.2762451171875
2025-06-04,202.20468139648438,461.19085693359375,141.88656616210938,167.4693145751953,207.22999572753906,685.8104858398438,258.9815673828125,259.1794738769531,761.7695922851562,99.81271362304688
2025-06-05,200.02133178710938,464.9788513183594,139.95703125,167.62875366210938,207.91000366210938,682.49072265625,257.8408203125,256.9527893066406,761.6104125976562,99.35414123535156
2025-06-06,203.30133056640625,467.66326904296875,141.6865997314453,173.07984924316406,213.57000732421875,695.5401000976562,244.9453125,260.6606750488281,765.7880859375,101.73480987548828
2025-06-09,200.83883666992188,470.0196228027344,142.59640502929688,175.69395446777344,216.97999572753906,691.9013671875,242.31663513183594,261.6513977050781,769.5977783203125,102.41778564453125
2025-06-10,202.05511474609375,468.2001953125,143.92608642578125,178.19833374023438,217.61000061035156,700.2155151367188,242.663818359375,263.47589111328125,802.8997802734375,104.61308288574219
2025-06-11,198.1769256591797,469.8903503417969,142.80625915527344,176.9511260986328,213.1999969482422,691.9811401367188,250.87725830078125,263.03448486328125,804.3121948242188,106.65226745605469
2025-06-12,198.5956573486328,476.1042785644531,144.9759063720703,175.30484008789062,213.24000549316406,691.20361328125,254.01185607910156,263.12274169921875,807.714111328125,107.06205749511719
2025-06-13,195.85400390625,472.2168273925781,141.94639587402344,174.27716064453125,212.10000610351562,680.7462768554688,246.7010955810547,259.89556884765625,815.0050659179688,109.39395141601562
2025-06-16,197.81802368164062,476.3727111816406,144.66595458984375,176.3724365234375,216.10000610351562,700.4749145507812,250.0737762451172,265.20233154296875,803.2877807617188,109.74520111083984
2025-06-17,195.04644775390625,475.279052734375,144.09603881835938,175.5542755126953,214.82000732421875,695.5963134765625,247.36569213867188,264.37835693359375,787.0345458984375,111.22823333740234
2025-06-18,195.9835968017578,477.4663391113281,145.455810546875,172.93020629882812,212.52000427246094,694.1397705078125,249.24049377441406,268.7336730957031,780.8576049804688,110.43793487548828
2025-06-20,200.3901824951172,474.6427307128906,143.8260955810547,166.2652130126953,209.69000244140625,680.7512817382812,248.56439208984375,269.7538146972656,758.676025390625,111.91120910644531
2025-06-23,200.88868713378906,483.1930847167969,144.1460418701172,164.81846618652344,208.47000122070312,696.8933715820312,252.32286071777344,272.96142578125,766.5440673828125,109.02318572998047
2025-06-24,199.69232177734375,487.279296875,147.87539672851562,166.3949432373047,212.77000427246094,710.5313110351562,262.2657775878906,275.8944091796875,773.944580078125,105.70585632324219
2025-06-25,200.94850158691406,489.4268798828125,154.28436279296875,170.29612731933594,211.99000549316406,707.01953125,263.14080810546875,278.6409912109375,788.0889282226562,105.73512268066406
2025-06-26,200.3901824951172,494.57696533203125,154.99423217773438,173.1497039794922,217.1199951171875,724.3888549804688,268.6293640136719,283.2415466308594,790.8939208984375,107.31573486328125
2025-06-27,200.46995544433594,493.07568359375,157.7238006591797,178.12847900390625,223.3000030517578,731.9110717773438,267.8139953613281,281.6327819824219,771.3284912109375,106.72056579589844
2025-06-30,204.54754638671875,494.5372009277344,157.96376037597656,175.83364868164062,219.38999938964844,736.3606567382812,274.07806396484375,284.3793640136719,775.3868408203125,105.17898559570312
2025-07-01,207.18951416015625,489.2081298828125,153.2745361328125,175.44451904296875,220.4600067138672,717.5348510742188,263.2302551269531,284.869873046875,771.776123046875,106.58396911621094
2025-07-02,211.7954864501953,488.2536926269531,157.22386169433594,178.2382354736328,219.9199981689453,711.8981323242188,268.3608703613281,286.4295349121094,775.13818359375,108.34996795654297
2025-07-03,212.90213012695312,495.95892333984375,159.3135223388672,179.12623596191406,223.41000366210938,717.3253784179688,273.6107177734375,291.75201416015625,776.5206909179688,109.47199249267578
2025-07-07,209.3130340576172,494.84539794921875,158.21371459960938,176.3923797607422,223.47000122070312,716.6668701171875,272.616455078125,287.77984619140625,768.76220703125,108.40850830078125
2025-07-08,209.37286376953125,493.751708984375,159.97341918945312,173.9678497314453,219.36000061035156,718.9814453125,270.25,278.72174072265625,773.5267333984375,111.41361236572266
2025-07-09,210.4994354248047,500.6019592285156,162.85293579101562,176.2227783203125,222.5399932861328,731.0631103515625,276.31524658203125,279.0962829589844,782.7374877929688,111.03311157226562
2025-07-10,211.7655792236328,498.58367919921875,164.07273864746094,177.22052001953125,222.25999450683594,725.5360107421875,273.8294677734375,284.0541076660156,786.44775390625,112.1356201171875
2025-07-11,210.5193634033203,500.4130554199219,164.89259338378906,179.7847442626953,225.02000427246094,715.828857421875,272.8153076171875,282.7431640625,788.795166015625,112.62346649169922
2025-07-14,207.98707580566406,500.1147766113281,164.04273986816406,181.1516571044922,225.69000244140625,719.2308959960938,274.02838134765625,284.5567932128906,795.091552734375,111.15017700195312
2025-07-15,208.47560119628906,502.89862060546875,170.671630859375,181.59066772460938,226.35000610351562,708.7255249023438,279.337890625,282.4376220703125,767.6481323242188,110.16474151611328
2025-07-16,209.5224151611328,502.69976806640625,171.34152221679688,182.55848693847656,223.19000244140625,701.2630615234375,279.2086181640625,281.7181091308594,785.6021728515625,109.50127410888672
2025-07-17,209.38282775878906,508.7446594238281,172.97125244140625,183.1671142578125,223.8800048828125,699.7665405273438,284.8164978027344,285.73956298828125,757.45263671875,108.94513702392578
2025-07-18,210.539306640625,507.10418701171875,172.38136291503906,184.64378356933594,226.1300048828125,702.6298828125,281.7242126464844,287.08990478515625,767.6083984375,105.14971160888672
2025-07-21,211.83535766601562,507.1141052246094,171.35153198242188,189.67245483398438,229.3000030517578,711.2994995117188,286.56646728515625,286.794189453125,758.1290283203125,105.42290496826172
2025-07-22,213.74954223632812,502.3517761230469,167.00225830078125,190.90966796875,227.47000122070312,703.1586303710938,277.0013122558594,287.2475891113281,772.3131713867188,105.90098571777344
2025-07-23,213.50030517578125,502.94830322265625,170.75161743164062,189.8021697998047,228.2899932861328,711.9081420898438,282.0722351074219,292.5011291503906,794.6439208984375,107.25718688964844
2025-07-24,213.11146545410156,507.92938232421875,173.7111358642578,191.73777770996094,232.22999572753906,713.1251831054688,287.0635986328125,292.29412841796875,801.1491088867188,108.09628295898438
2025-07-25,213.2311248779297,510.7430725097656,173.47117614746094,192.74551391601562,231.44000244140625,711.0101928710938,288.5251770019531,294.33441162109375,808.3705444335938,107.71576690673828
2025-07-28,213.40061950683594,509.5400085449219,176.7206268310547,192.14688110351562,232.7899932861328,715.9486083984375,292.6217041015625,293.9992980957031,803.8148803710938,108.73048400878906
2025-07-29,210.62904357910156,509.609619140625,175.4808349609375,195.30975341796875,231.00999450683594,698.3599243164062,295.72393798828125,292.7771301269531,758.8948974609375,110.13546752929688
2025-07-30,208.415771484375,510.2757263183594,179.24021911621094,196.08799743652344,230.19000244140625,693.5811767578125,300.894287109375,295.3299255371094,756.0401611328125,109.1792984008789
2025-07-31,206.94027709960938,530.418701171875,177.84043884277344,191.46839904785156,234.11000061035156,771.6278076171875,292.025146484375,291.9885559082031,736.1365356445312,108.92562103271484
2025-08-01,201.76602172851562,521.0829467773438,173.69113159179688,188.70465087890625,214.75,748.2527465820312,286.9939880371094,285.2171936035156,758.2782592773438,106.97425079345703
2025-08-04,202.7330780029297,532.5464477539062,179.9700927734375,194.60133361816406,211.64999389648438,774.5509033203125,296.022216796875,290.0369873046875,764.9127807617188,104.75944519042969
2025-08-05,202.3043670654297,524.7019653320312,178.23037719726562,194.23216247558594,213.75,761.6712646484375,291.2595520019531,287.1884460449219,761.8789672851562,104.6325912475586
2025-08-06,212.60304260253906,521.908203125,179.3901824951172,195.64898681640625,222.30999755859375,770.1812133789062,299.94970703125,287.16876220703125,742.4030151367188,103.92034912109375
2025-08-07,219.36245727539062,517.8319091796875,180.73997497558594,196.07801818847656,223.1300048828125,760.0449829101562,302.0278015136719,282.8220520019531,637.4537963867188,103.37396240234375
2025-08-08,228.65419006347656,519.02490234375,182.66964721679688,200.96697998046875,222.69000244140625,767.49755859375,303.2308654785156,284.61590576171875,622.32470703125,104.20330047607422
2025-08-11,226.747802734375,518.7564697265625,182.0297393798828,200.54794311523438,221.3000030517578,764.0755004882812,302.1669616699219,285.4044189453125,631.84375,103.25688171386719
2025-08-12,229.21310424804688,526.183349609375,183.1295623779297,202.88267517089844,221.47000122070312,788.1489868164062,311.0460510253906,288.6472473144531,636.0314331054688,103.5495834350586
2025-08-13,232.88612365722656,517.5734252929688,181.55982971191406,201.5057830810547,224.55999755859375,778.2523193359375,307.3273620605469,286.36053466796875,656.9794921875,104.98384094238281
2025-08-14,232.337158203125,519.46240234375,181.98974609375,202.4835662841797,230.97999572753906,780.2974243164062,309.4552001953125,289.9384460449219,680.7922973632812,104.76919555664062
2025-08-15,231.1494140625,517.1657104492188,180.42001342773438,203.44140625,231.02999877929688,783.3901977539062,304.59307861328125,286.3210754394531,699.0349731445312,104.86766815185547
2025-08-18,230.4507598876953,514.1134033203125,181.979736328125,203.0423126220703,231.49000549316406,765.572021484375,304.0163879394531,287.3461608886719,695.8648681640625,105.09416961669922
2025-08-19,230.1213836669922,506.8258056640625,175.61080932617188,201.11666870117188,228.00999450683594,749.71923828125,293.2282409667969,286.4886779785156,701.0087890625,105.78350067138672
2025-08-20,225.5800323486328,502.7992248535156,175.370849609375,198.87171936035156,223.80999755859375,745.9680786132812,289.50958251953125,288.04595947265625,703.2318115234375,106.87659454345703
2025-08-21,224.47215270996094,502.15185546875,174.95091247558594,199.30075073242188,221.9499969482422,737.3682250976562,287.9485168457031,287.28704833984375,707.5980834960938,107.56593322753906
2025-08-22,227.3267059326172,505.1295166015625,177.96043395996094,205.62648010253906,228.83999633789062,753.021484375,292.32342529296875,291.9885559082031,709.4522705078125,109.5846939086914
2025-08-25,226.72784423828125,502.17181396484375,179.78012084960938,208.02110290527344,227.94000244140625,751.5349731445312,292.5521545410156,290.6678161621094,693.1534423828125,110.03768157958984
2025-08-26,228.87376403808594,499.96099853515625,181.7397918701172,206.67413330078125,228.7100067138672,752.3331298828125,296.310546875,294.2851257324219,733.72607421875,109.79148864746094
2025-08-27,230.05152893066406,504.64154052734375,181.56983947753906,207.01336669921875,229.1199951171875,745.62890625,298.53778076171875,294.9849548339844,731.8718872070312,111.03230285644531
2025-08-28,232.11758422851562,507.529541015625,180.1400604248047,211.16400146484375,231.60000610351562,749.35009765625,306.889892578125,296.749267578125,729.6688232421875,111.62316131591797
2025-08-29,231.69837951660156,504.59173583984375,174.1510467529297,212.43115234375,229.0,736.9691772460938,295.6941223144531,297.09423828125,730.286865234375,112.54883575439453
2025-09-02,229.28298950195312,503.0282287597656,170.75161743164062,210.8746795654297,225.33999633789062,733.3875732421875,296.5392761230469,295.3989562988281,732.888671875,112.9427490234375
2025-09-03,238.01634216308594,503.2572937011719,170.59165954589844,230.1412353515625,225.99000549316406,735.3230590820312,300.66558837890625,295.2116394042969,735.5204467773438,110.2051010131836
2025-09-04,239.32383728027344,505.866455078125,171.63148498535156,231.7775421142578,235.67999267578125,746.8959350585938,304.35443115234375,299.4598083496094,740.58447265625,110.68762969970703
2025-09-05,239.2340087890625,492.9501647949219,166.9922637939453,234.47146606445312,232.3300018310547,750.6870727539062,332.98028564453125,290.1552734375,724.9336547851562,107.56593322753906
2025-09-08,237.42745971679688,496.13690185546875,168.2820281982422,233.72247314453125,235.83999633789062,750.537353515625,343.67889404296875,288.70635986328125,736.327880859375,108.17647552490234
2025-09-09,233.9041748046875,496.34600830078125,170.7316131591797,239.30490112304688,238.24000549316406,763.9059448242188,334.7501220703125,293.5754699707031,748.2604370117188,108.96429443359375
2025-09-10,226.35855102539062,498.29791259765625,177.300537109375,238.84552001953125,230.3300018310547,750.2180786132812,367.4624938964844,296.22686767578125,752.2578125,110.7861099243164
2025-09-11,229.59239196777344,498.9352722167969,177.1505584716797,240.0438995361328,229.9499969482422,749.140625,357.5791931152344,301.1748352050781,753.9126586914062,110.43159484863281
2025-09-12,233.6247100830078,507.7884521484375,177.80047607421875,240.4733123779297,228.14999389648438,753.8197021484375,357.81781005859375,302.5054626464844,753.0254516601562,110.4512939453125
2025-09-15,236.24969482421875,513.225830078125,177.73049926757812,251.26864624023438,231.42999267578125,762.9082641601562,362.0137634277344,304.46685791015625,745.8480224609375,110.63838958740234
2025-09-16,237.6969451904297,506.9320068359375,174.86080932617188,250.8192596435547,234.0500030517578,777.1747436523438,357.947021484375,304.7527160644531,762.3162841796875,112.93289947509766
2025-09-17,238.5353546142578,507.9079284667969,170.27130126953125,249.19146728515625,231.6199951171875,773.9024658203125,344.1959533691406,307.2759704589844,757.7506103515625,113.53360748291016
2025-09-18,237.42745971679688,506.3444519042969,176.2206573486328,251.68807983398438,231.22999572753906,778.421875,343.380615234375,308.7347412109375,760.5418701171875,112.19432067871094
2025-09-19,245.032958984375,515.7852172851562,176.6505889892578,254.3744354248047,231.47999572753906,776.5562133789062,342.9729309082031,310.26251220703125,749.6360473632812,111.10123443603516
2025-09-22,255.5928192138672,512.3196411132812,183.58984375,252.18740844726562,227.6300048828125,763.8824462890625,337.4351806640625,307.95611572265625,752.5867919921875,110.31341552734375
2025-09-23,253.9459686279297,507.1212463378906,178.410400390625,251.31858825683594,220.7100067138672,754.1387329101562,337.5845642089844,308.25177001953125,744.6417236328125,112.21401977539062
2025-09-24,251.8300018310547,508.0373840332031,176.9505615234375,246.80471801757812,220.2100067138672,759.3899536132812,337.95306396484375,308.92205810546875,739.5277709960938,112.8147201538086
2025-09-25,256.3813171386719,504.9303283691406,177.67050170898438,245.45652770996094,218.14999389648438,747.6595458984375,334.7559509277344,308.95159912109375,712.3531494140625,113.82903289794922
2025-09-26,254.97401428222656,509.3419494628906,178.17044067382812,246.2055206298828,219.77999877929688,742.5081787109375,333.19219970703125,311.52410888671875,722.27197265625,115.4342041015625
2025-09-29,253.9459686279297,512.4689331054688,181.83004760742188,243.71890258789062,222.1699981689453,742.1587524414062,326.5887145996094,311.1594543457031,724.2359008789062,112.47991180419922
2025-09-30,254.14559936523438,515.8051147460938,186.55950927734375,242.77020263671875,219.57000732421875,733.1538696289062,328.5906677246094,310.9031677246094,760.6116333007812,111.03230285644531
2025-10-01,254.9640350341797,517.5578002929688,187.21945190429688,244.5677490234375,220.6300048828125,716.1422729492188,332.0567932128906,306.25091552734375,822.836181640625,110.28387451171875
2025-10-02,256.6408386230469,513.6041870117188,188.8692626953125,245.356689453125,222.41000366210938,725.8360595703125,336.8276062011719,303.13623046875,817.2836303710938,109.59454345703125
2025-10-03,257.5291442871094,515.20751953125,187.5994110107422,245.0171356201172,219.50999450683594,709.3735961914062,337.016845703125,305.5806884765625,837.240966796875,111.53453826904297
2025-10-06,256.20166015625,526.3811645507812,185.51962280273438,250.09024047851562,220.89999389648438,714.465087890625,334.1483459472656,306.22442626953125,842.40478515625,112.46021270751953
2025-10-07,255.99209594726562,521.8101196289062,185.01968383789062,245.42657470703125,221.77999877929688,711.889404296875,335.0646667480469,304.74871826171875,840.9892578125,112.51929473876953
2025-10-08,257.569091796875,522.676513671875,189.0892333984375,244.2881317138672,225.22000122070312,716.6414794921875,344.11834716796875,301.1236572265625,843.0726318359375,112.28295135498047
2025-10-09,253.55670166015625,520.2366943359375,192.54885864257812,241.2023162841797,227.74000549316406,732.2852783203125,343.6402282714844,302.6093444824219,852.6724853515625,111.18987274169922
2025-10-10,244.80340576171875,508.84405517578125,183.139892578125,236.24905395507812,216.3699951171875,704.1223754882812,323.331787109375,298.0137023925781,830.8809204101562,109.04307556152344
2025-10-13,247.18885803222656,511.9212646484375,188.29933166503906,243.8187713623047,220.07000732421875,714.5050048828125,355.2735595703125,305.0260314941406,816.8350830078125,110.53006744384766
2025-10-14,247.29864501953125,511.4432067871094,180.01022338867188,245.11700439453125,216.38999938964844,707.466796875,342.7538146972656,299.19232177734375,809.80712890625,110.57930755615234
2025-10-15,248.86566162109375,511.3038330078125,179.8102569580078,250.68943786621094,215.57000732421875,716.3519287109375,349.92498779296875,302.767822265625,823.982666015625,109.90966796875
2025-10-16,246.97926330566406,509.4913330078125,181.7900390625,251.1188507080078,214.47000122070312,710.881103515625,352.7337341308594,295.6861572265625,816.8151245117188,108.95445251464844
2025-10-17,251.81002807617188,511.4532165527344,183.19989013671875,252.95635986328125,213.0399932861328,715.7229614257812,347.9329833984375,294.7155456542969,800.3169555664062,110.53006744384766
2025-10-20,261.7411193847656,514.6498413085938,182.6199493408203,256.2019348144531,216.47999572753906,730.947509765625,347.8433532714844,299.4696350097656,806.4277954101562,110.9830551147461
2025-10-21,262.27008056640625,515.5162963867188,181.14010620117188,250.12020874023438,222.02999877929688,732.0457153320312,341.2897033691406,294.25,797.067138671875,110.99291229248047
2025-10-22,257.9583435058594,518.3843383789062,180.2602081298828,251.34854125976562,217.9499969482422,732.1854248046875,338.9391174316406,291.29852294921875,809.8868408203125,112.96244049072266
2025-10-23,259.0861511230469,518.404296875,182.13999938964844,252.7366485595703,221.08999633789062,732.7744750976562,342.9131774902344,291.72442626953125,818.4699096679688,114.21309661865234
2025-10-24,262.3200378417969,521.441650390625,186.23953247070312,259.5674133300781,224.2100067138672,737.127197265625,352.7138366699219,297.5679931640625,822.8660888671875,113.632080078125
2025-10-27,268.2986145019531,529.3189697265625,191.46897888183594,268.9046630859375,226.97000122070312,749.5663452148438,360.6021423339844,301.2425231933594,823.8230590820312,114.1737060546875
2025-10-28,268.4882507324219,539.8251953125,201.0079345703125,267.1071472167969,229.25,750.1853637695312,371.4784851074219,302.44097900390625,817.5328369140625,113.2775650024414
2025-10-29,269.1869201660156,539.3073120117188,207.01727294921875,274.197509765625,230.3000030517578,750.4149169921875,384.43646240234375,302.5895690917969,810.9834594726562,114.6759262084961
2025-10-30,270.8836669921875,523.582763671875,202.8677215576172,281.09814453125,222.86000061035156,665.3572387695312,374.9645080566406,306.4819641113281,841.8565063476562,112.9427490234375
2025-10-31,269.85565185546875,515.6656494140625,202.4677734375,280.80853271484375,244.22000122070312,647.2674560546875,368.15185546875,308.1459045410156,860.1590576171875,112.6177749633789
2025-11-03,268.53814697265625,514.888916015625,206.85728454589844,283.3350830078125,254.0,636.645263671875,361.1001281738281,306.3928527832031,893.7236938476562,112.02691650390625
2025-11-04,269.5262756347656,512.2001342773438,198.66818237304688,277.1634826660156,249.32000732421875,626.2725830078125,350.5325622558594,306.2937927246094,904.021240234375,112.401123046875
2025-11-05,269.6260986328125,505.0597839355469,195.18858337402344,283.9242858886719,250.1999969482422,634.88818359375,357.54443359375,308.7005615234375,922.9119873046875,111.94813537597656
2025-11-06,269.25677490234375,495.04144287109375,188.05935668945312,284.36370849609375,243.0399932861328,617.9065551757812,354.16796875,310.4239501953125,934.505615234375,112.75564575195312
2025-11-07,267.9592590332031,494.7626037597656,188.1293487548828,278.4516906738281,244.41000366210938,620.6719360351562,348.0325927734375,311.20635986328125,921.4765014648438,115.4342041015625
2025-11-10,269.1781311035156,503.90460205078125,199.0281524658203,289.7064208984375,248.39999389648438,630.7052001953125,356.9568176269531,313.86077880859375,963.6141967773438,116.4189682006836
2025-11-11,274.99267578125,506.573486328125,193.1387939453125,290.9147644042969,249.10000610351562,626.0330200195312,350.552490234375,312.6029052734375,985.5253295898438,117.9552001953125
2025-11-12,273.21435546875,509.0233154296875,193.7787322998047,286.3210144042969,244.1999969482422,607.9931640625,353.7994689941406,317.34710693359375,1014.5941162109375,116.32049560546875
2025-11-13,272.6948547363281,501.205810546875,186.8394775390625,278.19207763671875,237.5800018310547,608.8717041015625,338.6203918457031,306.5216064453125,1019.6681518554688,116.98028564453125
2025-11-14,272.15533447265625,508.0672912597656,190.14910888671875,276.0350036621094,234.69000244140625,608.4424438476562,341.0904541015625,300.70770263671875,1023.5716552734375,118.50015258789062
2025-11-17,267.2099609375,505.388427734375,186.5795135498047,284.63330078125,232.8699951171875,601.0048217773438,341.2796936035156,297.4986572265625,1019.9976196289062,116.90081024169922
2025-11-18,267.19000244140625,491.74517822265625,181.340087890625,283.8943176269531,222.5500030517578,596.6920776367188,339.1383361816406,296.5478515625,1028.333740234375,118.24187469482422
2025-11-19,268.3089294433594,485.102783203125,186.49952697753906,292.4127502441406,222.69000244140625,589.3343505859375,353.0026550292969,300.3709411621094,1047.85107421875,116.572998046875
2025-11-20,266.0010986328125,477.3404846191406,180.6201629638672,289.05731201171875,217.13999938964844,588.1663208007812,345.43304443359375,295.5277099609375,1041.5516357421875,116.24517822265625
2025-11-21,271.2361755371094,471.04486083984375,178.86036682128906,299.2534484863281,220.69000244140625,593.2578125,338.8395080566406,295.1711120605469,1057.9342041015625,116.3047866821289
2025-11-24,275.6620788574219,472.92059326171875,182.52996826171875,318.14776611328125,226.27999877929688,612.0264282226562,376.448486328125,295.1513366699219,1068.3768310546875,115.20213317871094
2025-11-25,276.7110900878906,475.90374755859375,177.80047607421875,323.0011901855469,229.6699981689453,635.1576538085938,383.490234375,300.103515625,1108.0904541015625,113.75180053710938
2025-11-26,277.29052734375,484.3943786621094,180.24020385742188,319.5159606933594,229.16000366210938,632.5520629882812,395.9801025390625,304.6991882324219,1102.4998779296875,114.01007843017578
2025-11-28,278.5893249511719,490.88958740234375,176.98056030273438,319.74560546875,233.22000122070312,646.8681640625,401.3485107421875,310.0871887207031,1073.677978515625,115.1524658203125
2025-12-01,282.8353576660156,485.6315612792969,179.90025329589844,314.4627990722656,233.8800048828125,639.7999267578125,384.5360107421875,305.96697998046875,1056.1273193359375,115.8577651977539
2025-12-02,285.9224548339844,488.8841552734375,181.44007873535156,315.38153076171875,234.4199981689453,646.01953125,380.0440979003906,304.9368896484375,1044.376953125,114.61603546142578
2025-12-03,283.8843688964844,476.64208984375,179.57028198242188,319.1963806152344,232.3800048828125,638.5320434570312,379.0879211425781,309.1462707519531,1031.837890625,117.02001953125
2025-12-04,280.4375915527344,479.7449951171875,183.37008666992188,317.1890869140625,229.11000061035156,660.425537109375,379.5062561035156,313.07830810546875,1012.7996215820312,116.36438751220703
2025-12-05,278.5193786621094,482.0597229003906,182.40013122558594,320.8341064453125,229.52999877929688,672.2955932617188,388.6794128417969,312.0284729003906,1008.6265869140625,115.76836395263672
2025-12-08,277.6302185058594,489.9018249511719,185.5399627685547,313.49932861328125,226.88999938964844,665.6866455078125,399.4959716796875,312.1968078613281,995.9277954101562,115.21207427978516
2025-12-09,276.9208679199219,490.8995361328125,184.95999145507812,316.85693359375,227.9199981689453,655.8631591796875,404.66522216796875,297.6373596191406,980.5833740234375,117.467041015625
2025-12-10,278.5193786621094,477.4701843261719,183.77005004882812,319.9847412109375,231.77999877929688,649.0444946289062,411.3185119628906,307.1455383300781,991.984375,118.74849700927734
2025-12-11,277.77008056640625,482.3690185546875,180.92019653320312,312.210205078125,230.27999877929688,651.6201782226562,404.7449035644531,314.3460693359375,1007.6981201171875,118.74849700927734
2025-12-12,278.0198669433594,477.4402770996094,175.01052856445312,309.07244873046875,226.19000244140625,643.1543579101562,358.4906005859375,315.47515869140625,1025.7979736328125,118.03326416015625
2025-12-15,273.8537292480469,473.73870849609375,176.28045654296875,308.003173828125,222.5399932861328,646.9561157226562,338.4510803222656,316.9608459472656,1060.4200439453125,116.98028564453125
2025-12-16,274.353271484375,475.3051452636719,177.71038818359375,306.3543395996094,222.55999755859375,656.587890625,339.93511962890625,312.5335388183594,1052.5333251953125,113.9206771850586
2025-12-17,271.58587646484375,475.0357360839844,170.93075561523438,296.5112609863281,221.27000427246094,648.9443969726562,324.7162170410156,311.9690246582031,1040.05419921875,116.63260650634766
2025-12-18,271.935546875,482.87786865234375,174.1305694580078,302.2472229003906,226.75999450683594,663.881591796875,328.560791015625,310.0079345703125,1055.1190185546875,115.76836395263672
2025-12-19,273.4141845703125,484.8134460449219,180.98020935058594,306.9439392089844,227.35000610351562,658.2064819335938,338.99884033203125,314.17767333984375,1069.6546630859375,115.91736602783203
2025-12-22,270.7166748046875,483.81573486328125,183.6800537109375,309.56207275390625,228.42999267578125,660.9341430664062,340.7352600097656,320.00146484375,1074.686279296875,117.3676986694336
2025-12-23,272.1053771972656,485.7413330078125,189.19976806640625,314.1288757324219,232.13999938964844,664.3711547851562,348.5887756347656,322.8143310546875,1069.8543701171875,118.62928771972656
2025-12-24,273.55401611328125,486.90863037109375,188.59979248046875,313.8690490722656,232.3800048828125,666.9789428710938,349.48687744140625,326.02337646484375,1075.1854248046875,118.43061828613281
2025-12-26,273.1444091796875,486.599365234375,190.51968383789062,313.2894592285156,232.52000427246094,662.7225952148438,351.39288330078125,324.7754211425781,1075.9542236328125,118.32134246826172
2025-12-29,273.50408935546875,485.9907531738281,188.20980834960938,313.33941650390625,232.07000732421875,658.1265258789062,348.65863037109375,320.6551818847656,1076.9324951171875,119.73194122314453
2025-12-30,272.82470703125,486.3699035644531,187.52984619140625,313.6292419433594,232.52999877929688,665.3803100585938,349.1176452636719,320.3283386230469,1077.950927734375,120.18889617919922
2025-12-31,271.6058349609375,482.5186767578125,186.4899139404297,312.7798156738281,230.82000732421875,659.5253295898438,345.3755187988281,319.1398010253906,1072.889404296875,119.54319763183594
2026-01-02,270.75665283203125,471.8630065917969,188.83978271484375,314.9283142089844,226.5,649.8535766601562,346.8923034667969,322.36865234375,1078.559814453125,121.83790588378906
2026-01-05,267.0101623535156,471.773193359375,188.1098175048828,316.3173522949219,233.05999755859375,658.2264404296875,342.7011413574219,330.8468322753906,1039.7745361328125,124.52996063232422
2026-01-06,262.1147155761719,477.4203186035156,187.22987365722656,314.1188659667969,240.92999267578125,660.0548706054688,343.0503845214844,332.90625,1062.26708984375,120.24850463867188
2026-01-07,260.08660888671875,482.3690185546875,189.09976196289062,321.7535095214844,241.55999755859375,648.1350708007812,342.78094482421875,325.3250732421875,1106.24365234375,117.7054443359375
2026-01-08,258.7978515625,477.0212097167969,185.0299835205078,325.2110595703125,246.2899932861328,645.50732421875,331.7840270996094,328.11083984375,1083.3817138671875,122.09618377685547
2026-01-09,259.1275329589844,478.1885681152344,184.84999084472656,328.3388671875,247.3800048828125,652.5013427734375,344.24786376953125,327.5138854980469,1061.7879638671875,123.78492736816406
2026-01-12,260.0067138671875,476.09332275390625,184.92999267578125,331.62652587890625,246.47000122070312,641.4207763671875,351.47271728515625,322.8377990722656,1079.19873046875,123.2087631225586
2026-01-13,260.8059387207031,469.5981750488281,185.79994201660156,335.7336730957031,242.60000610351562,630.5501708984375,353.86767578125,309.3169860839844,1075.39501953125,125.7021484375
2026-01-14,259.71697998046875,458.3338928222656,183.1300811767578,335.603759765625,236.64999389648438,614.9934692382812,339.17852783203125,306.30242919921875,1071.501708984375,129.33790588378906
2026-01-15,257.9685974121094,455.6200866699219,187.03988647460938,332.5458984375,238.17999267578125,620.2689208984375,342.30194091796875,307.68536376953125,1031.248779296875,128.27500915527344
2026-01-16,255.29112243652344,458.8127746582031,186.21990966796875,329.7678527832031,239.1199951171875,619.7194213867188,350.9737548828125,310.8789978027344,1036.6697998046875,129.02996826171875
2026-01-20,246.46937561035156,453.48492431640625,178.06036376953125,321.77349853515625,231.0,603.6032104492188,331.9037780761719,301.19854736328125,1039.554931640625,129.59620666503906
2026-01-21,247.41848754882812,443.0986328125,183.31008911132812,328.1490173339844,231.30999755859375,612.4356689453125,328.1116943359375,300.50213623046875,1076.722900390625,132.725341796875
2026-01-22,248.1178436279297,450.1126403808594,184.82998657226562,330.3074951171875,234.33999633789062,647.0759887695312,324.8086242675781,302.0840148925781,1085.568115234375,132.75514221191406
2026-01-23,247.80812072753906,464.888916015625,187.6598358154297,327.6993103027344,239.16000366210938,658.1964721679688,319.3800354003906,296.2041015625,1062.5167236328125,134.0763397216797
2026-01-26,255.17123413085938,469.20904541015625,186.4599151611328,333.02557373046875,238.4199981689453,671.7847900390625,324.16998291015625,299.5072021484375,1060.979248046875,133.9471893310547
2026-01-27,258.0285339355469,479.485595703125,188.50979614257812,334.31463623046875,244.67999267578125,672.394287109375,332.0933837890625,298.7809143066406,1037.7779541015625,135.92401123046875
2026-01-28,256.2002868652344,480.533203125,191.5096435546875,335.7736511230469,243.00999450683594,668.1578979492188,332.54241943359375,299.2385559082031,1022.0940551757812,136.66905212402344
2026-01-29,258.0385437011719,432.5128173828125,192.49957275390625,338.0120544433594,241.72999572753906,737.6784057617188,330.0376892089844,304.8598327636719,1022.4335327148438,139.57965087890625
2026-01-30,259.2374267578125,429.31011962890625,191.11965942382812,337.7622375488281,239.3000030517578,715.8870849609375,330.6064758300781,304.33251953125,1035.421875,140.4637451171875
2026-02-02,269.7575988769531,422.4058837890625,185.59996032714844,343.4482421875,242.9600067138672,705.8056640625,330.4168701171875,306.5710754394531,1042.3902587890625,137.48361206054688
2026-02-03,269.22808837890625,410.2735595703125,180.33023071289062,339.47100830078125,238.6199951171875,691.1082763671875,319.659423828125,313.24688720703125,1001.7880249023438,142.7783203125
2026-02-04,276.23150634765625,413.2467956542969,174.18057250976562,332.80572509765625,232.99000549316406,668.417724609375,307.4051513671875,315.654541015625,1105.2752685546875,146.61276245117188
2026-02-05,275.6520690917969,392.7735290527344,171.87069702148438,331.0169677734375,222.69000244140625,669.63671875,309.8600158691406,308.5807800292969,1019.1390380859375,145.11277770996094
2026-02-06,277.8599853515625,400.22650146484375,185.39996337890625,322.63287353515625,210.32000732421875,660.8941650390625,332.2231140136719,320.7584533691406,1056.4168701171875,148.0631103515625
2026-02-09,274.6199951171875,412.65814208984375,190.0297088623047,324.09185791015625,208.72000122070312,676.640625,343.22003173828125,320.4599914550781,1042.9293212890625,150.20880126953125
2026-02-10,273.67999267578125,412.328857421875,188.52978515625,318.3558654785156,206.9600067138672,670.1461791992188,339.72735595703125,316.659423828125,1023.2921142578125,150.58628845214844
2026-02-11,275.5,403.4491271972656,190.0397186279297,310.7412414550781,204.0800018310547,668.1179809570312,342.0425109863281,309.2374267578125,1013.5184326171875,154.52999877929688
2026-02-12,261.7300109863281,400.9248962402344,186.9298858642578,308.7826232910156,199.60000610351562,649.254150390625,330.4767761230469,301.09906005859375,1036.5400390625,149.92999267578125
2026-02-13,255.77999877929688,400.4060974121094,182.80010986328125,305.50494384765625,198.7899932861328,639.2227172851562,324.48931884765625,301.0094909667969,1040.0,148.4499969482422
2026-02-17,263.8800048828125,395.95623779296875,184.95999145507812,301.8075256347656,201.14999389648438,638.7431030273438,331.8439025878906,305.5661926269531,1036.050048828125,146.19000244140625
2026-02-18,264.3500061035156,398.69000244140625,187.96981811523438,303.1166076660156,204.7899932861328,642.6697387695312,332.8118591308594,307.2077941894531,1020.5599975585938,150.67999267578125
2026-02-19,260.5799865722656,398.4599914550781,187.88983154296875,302.636962890625,204.86000061035156,644.2284545898438,333.29083251953125,306.48150634765625,1023.219970703125,150.97000122070312
2026-02-20,264.5799865722656,397.2300109863281,189.8097381591797,314.7584228515625,210.11000061035156,655.09912109375,331.9536437988281,309.20758056640625,1009.52001953125,147.27999877929688
2026-02-23,266.17999267578125,384.4700012207031,191.53964233398438,311.2708740234375,205.27000427246094,636.7048950195312,329.64849853515625,296.1543884277344,1058.56005859375,150.75999450683594
2026-02-24,272.1400146484375,389.0,192.83956909179688,310.6813049316406,208.55999755859375,638.7531127929688,324.8086242675781,295.7862243652344,1042.1500244140625,149.25999450683594
2026-02-25,274.2300109863281,400.6000061035156,195.54940795898438,312.67987060546875,210.63999938964844,653.1307983398438,331.6143798828125,301.75567626953125,1028.8299560546875,149.05999755859375
2026-02-26,272.95001220703125,401.7200012207031,184.87998962402344,307.1637878417969,207.9199981689453,656.447998046875,321.0265808105469,304.5712890625,1022.02001953125,148.5399932861328
2026-02-27,264.17999267578125,392.739990234375,177.180419921875,311.54071044921875,210.0,647.62548828125,318.8810729980469,298.7709655761719,1051.989990234375,152.5
2026-03-02,264.7200012207031,398.54998779296875,182.47012329101562,306.3043518066406,208.38999938964844,653.0009155273438,318.1526184082031,296.044921875,1017.969970703125,154.22000122070312
2026-03-03,263.75,403.92999267578125,180.04025268554688,303.3664245605469,208.72999572753906,654.5196533203125,313.18304443359375,298.7311706542969,1007.72998046875,151.8300018310547
2026-03-04,262.5199890136719,405.20001220703125,183.03009033203125,302.9167785644531,216.82000732421875,667.1587524414062,316.86529541015625,297.8656311035156,1003.5700073242188,149.82000732421875
2026-03-05,260.2900085449219,410.67999267578125,183.330078125,300.6683349609375,218.94000244140625,660.0049438476562,332.0733947753906,292.0553283691406,983.260009765625,150.75999450683594
2026-03-06,257.4599914550781,408.9599914550781,177.8103790283203,298.30999755859375,213.2100067138672,644.308349609375,329.7882080078125,288.0060729980469,990.3300170898438,151.2100067138672
2026-03-09,259.8800048828125,409.4100036621094,182.64010620117188,306.3599853515625,213.49000549316406,646.836181640625,345.0262451171875,288.44384765625,1008.3900146484375,150.44000244140625
2026-03-10,260.8299865722656,405.760009765625,184.760009765625,307.0400085449219,214.3300018310547,653.510498046875,341.86285400390625,287.2598876953125,1001.3499755859375,148.1300048828125
2026-03-11,260.80999755859375,404.8800048828125,186.02999877929688,308.70001220703125,212.64999389648438,654.2998046875,340.85498046875,286.0560302734375,999.8400268554688,151.5800018310547
2026-03-12,255.75999450683594,401.8599853515625,183.13999938964844,303.54998779296875,209.52999877929688,637.6340942382812,335.2667236328125,281.44964599609375,977.25,153.52999877929688
2026-03-13,250.1199951171875,395.54998779296875,180.25,302.2799987792969,207.6699981689453,613.1849975585938,321.4856262207031,281.996826171875,985.0800170898438,156.1199951171875
2026-03-16,252.82000732421875,399.95001220703125,183.22000122070312,305.55999755859375,211.74000549316406,627.4500122070312,324.2398681640625,284.7029724121094,989.1199951171875,157.22999572753906
2026-03-17,254.22999572753906,399.4100036621094,181.92999267578125,310.9200134277344,215.1999969482422,622.6599731445312,320.63739013671875,285.42926025390625,930.3499755859375,158.80999755859375
2026-03-18,249.94000244140625,391.7900085449219,180.39999389648438,307.69000244140625,209.8699951171875,615.6799926757812,315.2686462402344,286.27490234375,918.0499877929688,157.58999633789062
2026-03-19,248.9600067138672,389.0199890136719,178.55999755859375,307.1300048828125,208.75999450683594,606.7000122070312,319.17047119140625,286.5037536621094,917.5,158.16000366210938
2026-03-20,247.99000549316406,381.8699951171875,172.6999969482422,301.0,205.3699951171875,593.6599731445312,309.8600158691406,285.1009216308594,906.7000122070312,159.6699981689453
2026-03-23,251.49000549316406,383.0,175.63999938964844,302.05999755859375,210.13999938964844,604.0599975585938,322.510009765625,288.4338684082031,910.5499877929688,161.1300048828125
2026-03-24,251.63999938964844,372.739990234375,175.1999969482422,290.44000244140625,207.24000549316406,592.9199829101562,318.2900085449219,290.91119384765625,903.02001953125,165.3800048828125
2026-03-25,252.6199951171875,371.0400085449219,178.67999267578125,290.92999267578125,211.7100067138672,594.8900146484375,318.80999755859375,293.91583251953125,916.3099975585938,163.25999450683594
2026-03-26,252.88999938964844,365.9700012207031,171.24000549316406,280.9200134277344,207.5399932861328,547.5399780273438,309.4200134277344,290.1749572753906,897.0,165.42999267578125
2026-03-27,248.8000030517578,356.7699890136719,167.52000427246094,274.3399963378906,199.33999633789062,525.719970703125,300.67999267578125,281.3998718261719,878.239990234375,170.99000549316406
2026-03-30,246.6300048828125,358.9599914550781,165.1699981689453,273.5,200.9499969482422,536.3800048828125,293.4100036621094,282.32513427734375,886.6300048828125,171.47000122070312
2026-03-31,253.7899932861328,370.1700134277344,174.39999389648438,287.55999755859375,208.27000427246094,572.1300048828125,309.510009765625,292.6622314453125,919.77001953125,169.66000366210938
2026-04-01,255.6300048828125,369.3699951171875,175.75,297.3900146484375,210.57000732421875,579.22998046875,313.489990234375,293.87603759765625,954.52001953125,160.77999877929688
2026-04-02,255.9199981689453,373.4599914550781,177.38999938964844,295.7699890136719,209.77000427246094,574.4600219726562,314.54998779296875,293.1000061035156,935.5800170898438,160.69000244140625
2026-04-06,258.8599853515625,372.8800048828125,177.63999938964844,299.989990234375,212.7899932861328,573.02001953125,314.42999267578125,295.45001220703125,927.0599975585938,163.3699951171875
2026-04-07,253.5,372.2900085449219,178.10000610351562,305.4599914550781,213.77000427246094,575.0499877929688,333.9700012207031,297.3999938964844,931.0900268554688,163.91000366210938
2026-04-08,258.8999938964844,374.3299865722656,182.0800018310547,317.32000732421875,221.25,612.4199829101562,350.6300048828125,307.9700012207031,953.2999877929688,156.22000122070312
2026-04-09,260.489990234375,373.07000732421875,183.91000366210938,318.489990234375,233.64999389648438,628.3900146484375,354.9100036621094,310.3299865722656,955.1900024414062,155.0399932861328
2026-04-10,260.4800109863281,370.8699951171875,188.6300048828125,317.239990234375,238.3800048828125,629.8599853515625,371.54998779296875,309.8699951171875,939.469970703125,152.50999450683594
2026-04-13,259.20001220703125,384.3699951171875,189.30999755859375,321.30999755859375,239.88999938964844,634.530029296875,379.75,313.67999267578125,929.5499877929688,152.63999938964844
2026-04-14,258.8299865722656,393.1099853515625,196.50999450683594,332.9100036621094,249.02000427246094,662.489990234375,380.7799987792969,311.1199951171875,922.5,149.24000549316406
2026-04-15,266.42999267578125,411.2200012207031,198.8699951171875,337.1199951171875,248.5,671.5800170898438,396.7200012207031,305.92999267578125,905.030029296875,149.00999450683594
2026-04-16,263.3999938964844,420.260009765625,198.35000610351562,336.0199890136719,249.6999969482422,676.8699951171875,398.4700012207031,309.95001220703125,903.989990234375,151.97999572753906
2026-04-17,270.2300109863281,422.7900085449219,201.67999267578125,341.67999267578125,250.55999755859375,688.5499877929688,406.5400085449219,310.2900085449219,927.030029296875,146.44000244140625
2026-04-20,273.04998779296875,418.07000732421875,202.05999755859375,337.4200134277344,248.27999877929688,670.9099731445312,399.6300048828125,316.989990234375,919.9000244140625,147.67999267578125
2026-04-21,267.114990234375,426.1099853515625,200.69219970703125,337.0299987792969,252.75010681152344,671.5800170898438,401.42999267578125,315.44500732421875,899.6799926757812,147.99000549316406
